 GROUP;NAME;R(AVARAGE);G(AVARAGE);B(AVARAGE);R(MEDIAN);G(MEDIAN);B(MEDIAN);R(MODE);G(MODE);B(MODE) 
 H&E;H&E-MEMBRANOUS    GLOMERULUS  (1).jpg;196;156;177;198;146;172;196;255;167 
 H&E;H&E-MEMBRANOUS    GLOMERULUS  (1).TIF;147;90;110;150;85;106;152;78;102 
 H&E;H&E-MEMBRANOUS    GLOMERULUS  (10).jpg;174;143;158;173;134;154;166;107;132 
 H&E;H&E-MEMBRANOUS    GLOMERULUS  (10).TIF;157;93;111;158;86;106;158;78;102 
 H&E;H&E-MEMBRANOUS    GLOMERULUS  (11).jpg;150;124;138;148;118;135;143;181;178 
 H&E;H&E-MEMBRANOUS    GLOMERULUS  (11).TIF;156;93;110;157;84;104;159;77;96 
 H&E;H&E-MEMBRANOUS    GLOMERULUS  (12).jpg;193;157;170;192;146;165;185;128;153 
 H&E;H&E-MEMBRANOUS    GLOMERULUS  (12).TIF;156;93;110;158;86;106;158;77;92 
 H&E;H&E-MEMBRANOUS    GLOMERULUS  (13).jpg;177;147;169;176;133;161;170;119;151 
 H&E;H&E-MEMBRANOUS    GLOMERULUS  (13).TIF;157;93;110;159;86;105;160;77;92 
 H&E;H&E-MEMBRANOUS    GLOMERULUS  (14).jpg;182;141;161;183;132;156;180;118;141 
 H&E;H&E-MEMBRANOUS    GLOMERULUS  (14).TIF;150;89;108;152;83;103;153;77;102 
 H&E;H&E-MEMBRANOUS    GLOMERULUS  (15).jpg;198;148;166;200;139;161;193;121;146 
 H&E;H&E-MEMBRANOUS    GLOMERULUS  (15).TIF;175;116;136;176;112;134;175;105;132 
 H&E;H&E-MEMBRANOUS    GLOMERULUS  (16).jpg;185;140;155;190;130;149;189;221;141 
 H&E;H&E-MEMBRANOUS    GLOMERULUS  (16).TIF;170;105;126;172;100;123;175;89;117 
 H&E;H&E-MEMBRANOUS    GLOMERULUS  (17).jpg;201;141;156;206;134;152;208;130;149 
 H&E;H&E-MEMBRANOUS    GLOMERULUS  (17).TIF;167;101;122;169;95;118;173;89;117 
 H&E;H&E-MEMBRANOUS    GLOMERULUS  (18).jpg;206;162;172;210;153;169;207;250;226 
 H&E;H&E-MEMBRANOUS    GLOMERULUS  (18).TIF;168;102;123;170;97;120;173;88;117 
 H&E;H&E-MEMBRANOUS    GLOMERULUS  (19).jpg;200;131;148;205;125;143;205;111;128 
 H&E;H&E-MEMBRANOUS    GLOMERULUS  (2).jpg;182;141;158;180;128;151;177;109;140 
 H&E;H&E-MEMBRANOUS    GLOMERULUS  (2).TIF;151;100;120;153;95;116;153;89;117 
 H&E;H&E-MEMBRANOUS    GLOMERULUS  (20).jpg;204;153;166;208;144;162;205;120;146 
 H&E;H&E-MEMBRANOUS    GLOMERULUS  (21).jpg;181;126;144;186;119;139;185;116;132 
 H&E;H&E-MEMBRANOUS    GLOMERULUS  (22).jpg;189;151;164;195;147;163;214;221;212 
 H&E;H&E-MEMBRANOUS    GLOMERULUS  (23).jpg;189;151;164;195;145;163;214;221;213 
 H&E;H&E-MEMBRANOUS    GLOMERULUS  (24).jpg;201;139;154;206;129;148;205;254;131 
 H&E;H&E-MEMBRANOUS    GLOMERULUS  (25).jpg;197;135;146;202;114;132;200;97;226 
 H&E;H&E-MEMBRANOUS    GLOMERULUS  (26).jpg;181;145;156;184;140;153;184;135;149 
 H&E;H&E-MEMBRANOUS    GLOMERULUS  (27).jpg;174;143;154;176;136;150;173;123;140 
 H&E;H&E-MEMBRANOUS    GLOMERULUS  (28).jpg;176;141;151;178;135;147;175;126;141 
 H&E;H&E-MEMBRANOUS    GLOMERULUS  (29).jpg;173;134;147;177;131;145;178;122;133 
 H&E;H&E-MEMBRANOUS    GLOMERULUS  (3).jpg;182;155;163;180;146;161;219;227;208 
 H&E;H&E-MEMBRANOUS    GLOMERULUS  (3).TIF;152;105;125;153;101;122;153;98;118 
 H&E;H&E-MEMBRANOUS    GLOMERULUS  (30).jpg;167;140;154;170;136;152;166;125;143 
 H&E;H&E-MEMBRANOUS    GLOMERULUS  (31).jpg;216;171;173;219;162;169;219;244;221 
 H&E;H&E-MEMBRANOUS    GLOMERULUS  (32).jpg;190;153;163;193;140;154;206;210;206 
 H&E;H&E-MEMBRANOUS    GLOMERULUS  (4).jpg;169;137;153;168;128;149;165;113;141 
 H&E;H&E-MEMBRANOUS    GLOMERULUS  (4).TIF;149;95;115;151;91;113;152;90;117 
 H&E;H&E-MEMBRANOUS    GLOMERULUS  (5).jpg;177;150;161;176;141;159;218;222;208 
 H&E;H&E-MEMBRANOUS    GLOMERULUS  (5).TIF;151;95;114;153;89;110;153;81;102 
 H&E;H&E-MEMBRANOUS    GLOMERULUS  (6).jpg;181;149;168;179;138;163;172;112;145 
 H&E;H&E-MEMBRANOUS    GLOMERULUS  (6).TIF;150;94;114;153;89;110;158;82;103 
 H&E;H&E-MEMBRANOUS    GLOMERULUS  (7).jpg;177;141;161;174;125;152;169;105;133 
 H&E;H&E-MEMBRANOUS    GLOMERULUS  (7).TIF;149;89;108;151;83;103;153;76;92 
 H&E;H&E-MEMBRANOUS    GLOMERULUS  (8).jpg;157;124;138;155;113;132;146;86;113 
 H&E;H&E-MEMBRANOUS    GLOMERULUS  (8).TIF;152;90;109;155;84;104;158;78;94 
 H&E;H&E-MEMBRANOUS    GLOMERULUS  (9).jpg;196;161;172;196;150;167;187;126;149 
 H&E;H&E-MEMBRANOUS    GLOMERULUS  (9).TIF;181;116;139;182;106;132;181;96;118 
 H&E;H&E-NORMAL  GLOMERULUS    (100).jpg;193;151;160;194;144;157;189;124;139 
 H&E;H&E-NORMAL  GLOMERULUS    (101).jpg;195;159;164;194;152;162;188;227;208 
 H&E;H&E-NORMAL  GLOMERULUS    (102).jpg;198;165;168;199;160;168;192;230;209 
 H&E;H&E-NORMAL  GLOMERULUS    (103).jpg;194;156;163;195;151;161;187;133;146 
 H&E;H&E-NORMAL  GLOMERULUS    (104).jpg;199;168;171;199;164;171;193;233;210 
 H&E;H&E-NORMAL  GLOMERULUS    (105).jpg;195;159;165;196;155;164;189;138;150 
 H&E;H&E-NORMAL  GLOMERULUS    (106).jpg;176;128;141;178;118;134;177;106;123 
 H&E;H&E-NORMAL  GLOMERULUS    (107).jpg;181;135;145;183;126;139;179;111;123 
 H&E;H&E-NORMAL  GLOMERULUS    (108).jpg;184;140;152;184;130;146;179;109;133 
 H&E;H&E-NORMAL  GLOMERULUS    (109).jpg;192;154;161;193;146;158;185;120;204 
 H&E;H&E-NORMAL  GLOMERULUS    (110).jpg;198;166;173;199;158;172;234;234;216 
 H&E;H&E-NORMAL  GLOMERULUS    (111).jpg;169;131;148;170;124;144;166;110;133 
 H&E;H&E-NORMAL  GLOMERULUS    (112).jpg;166;130;148;169;124;145;166;112;139 
 H&E;H&E-NORMAL  GLOMERULUS    (113).jpg;174;144;159;176;139;157;174;129;153 
 H&E;H&E-NORMAL  GLOMERULUS    (114).jpg;175;146;162;177;142;160;175;133;157 
 H&E;H&E-NORMAL  GLOMERULUS    (115).jpg;179;150;164;180;145;162;175;132;156 
 H&E;H&E-NORMAL  GLOMERULUS    (116).jpg;173;143;159;176;140;157;175;131;154 
 H&E;H&E-NORMAL  GLOMERULUS    (117).jpg;169;135;152;172;131;150;172;119;143 
 H&E;H&E-NORMAL  GLOMERULUS    (118).jpg;174;144;158;174;138;155;170;122;146 
 H&E;H&E-NORMAL  GLOMERULUS    (234).jpg;208;147;165;210;140;160;208;129;150 
 H&E;H&E-NORMAL  GLOMERULUS    (235).jpg;210;152;169;212;145;165;208;122;145 
 H&E;H&E-NORMAL  GLOMERULUS    (236).jpg;219;141;163;222;134;157;255;125;148 
 H&E;H&E-NORMAL  GLOMERULUS    (237).jpg;179;130;149;183;123;144;183;112;135 
 H&E;H&E-NORMAL  GLOMERULUS    (238).jpg;213;150;170;220;146;167;255;126;153 
 H&E;H&E-NORMAL  GLOMERULUS    (239).jpg;213;145;165;217;135;158;255;119;140 
 H&E;H&E-NORMAL  GLOMERULUS    (240).jpg;202;137;155;203;130;150;197;110;133 
 H&E;H&E-NORMAL  GLOMERULUS    (241).jpg;203;136;153;204;126;146;203;112;133 
 H&E;H&E-NORMAL  GLOMERULUS    (242).jpg;202;144;161;207;139;157;207;133;150 
 H&E;H&E-NORMAL  GLOMERULUS    (243).jpg;209;157;170;212;148;165;255;127;153 
 H&E;H&E-NORMAL  GLOMERULUS    (244).jpg;213;152;168;218;149;167;255;147;163 
 H&E;H&E-NORMAL  GLOMERULUS    (245).jpg;220;140;162;225;129;154;255;114;141 
 H&E;H&E-NORMAL  GLOMERULUS    (246).jpg;211;146;164;216;140;159;255;133;152 
 H&E;H&E-NORMAL  GLOMERULUS    (247).jpg;208;150;166;213;144;163;255;133;152 
 H&E;H&E-NORMAL  GLOMERULUS    (248).jpg;178;139;154;185;136;152;215;200;196 
 H&E;H&E-NORMAL  GLOMERULUS    (249).jpg;207;144;166;210;134;159;255;122;148 
 H&E;H&E-NORMAL  GLOMERULUS    (250).jpg;207;156;175;210;144;168;255;244;234 
 H&E;H&E-NORMAL  GLOMERULUS    (251).jpg;180;137;155;181;129;150;176;117;140 
 H&E;H&E-NORMAL  GLOMERULUS    (252).jpg;186;142;172;185;119;157;247;255;255 
 H&E;H&E-NORMAL  GLOMERULUS    (253).jpg;209;114;136;213;94;121;255;255;99 
 H&E;H&E-NORMAL  GLOMERULUS    (254).jpg;180;121;141;181;105;130;178;89;114 
 H&E;H&E-NORMAL  GLOMERULUS    (255).jpg;159;93;117;160;80;106;160;74;101 
 H&E;H&E-NORMAL  GLOMERULUS    (256).jpg;179;115;144;181;105;135;179;94;124 
 H&E;H&E-NORMAL  GLOMERULUS    (257).jpg;200;154;173;202;131;158;255;255;255 
 H&E;H&E-NORMAL  GLOMERULUS    (258).jpg;177;116;141;180;105;133;172;90;121 
 H&E;H&E-NORMAL  GLOMERULUS    (259).jpg;195;122;140;199;114;133;196;102;123 
 H&E;H&E-NORMAL  GLOMERULUS    (260).jpg;160;96;109;161;86;101;159;77;87 
 H&E;H&E-NORMAL  GLOMERULUS    (261).jpg;167;110;125;169;101;118;161;84;101 
 H&E;H&E-NORMAL  GLOMERULUS    (262).jpg;202;150;177;202;133;165;255;255;255 
 H&E;H&E-NORMAL  GLOMERULUS    (263).jpg;163;96;117;166;80;103;165;64;85 
 H&E;H&E-NORMAL  GLOMERULUS    (264).jpg;175;124;149;175;102;133;255;76;234 
 H&E;H&E-NORMAL  GLOMERULUS    (265).jpg;170;115;132;171;101;121;224;207;202 
 H&E;H&E-NORMAL  GLOMERULUS    (266).jpg;191;136;157;194;124;148;255;226;227 
 H&E;H&E-NORMAL  GLOMERULUS    (267).jpg;208;125;151;218;122;148;255;107;134 
 H&E;H&E-NORMAL  GLOMERULUS    (268).jpg;190;101;138;202;91;127;255;85;118 
 H&E;H&E-NORMAL  GLOMERULUS    (269).jpg;168;88;106;173;80;98;174;68;88 
 H&E;H&E-NORMAL  GLOMERULUS    (270).jpg;180;105;122;185;94;114;184;77;103 
 H&E;H&E-NORMAL  GLOMERULUS    (271).jpg;153;98;122;165;93;117;255;87;255 
 H&E;H&E-NORMAL  GLOMERULUS    (272).jpg;151;87;101;156;75;91;152;61;82 
 H&E;H&E-NORMAL  GLOMERULUS    (273).jpg;225;105;130;239;90;126;255;77;116 
 H&E;H&E-NORMAL  GLOMERULUS    (274).jpg;224;108;133;238;90;127;255;70;116 
 H&E;H&E-NORMAL  GLOMERULUS    (275).jpg;134;90;102;144;88;99;148;83;96 
 H&E;H&E-NORMAL  GLOMERULUS    (276).jpg;143;105;116;148;97;109;144;84;98 
 H&E;H&E-NORMAL  GLOMERULUS    (277).jpg;140;109;121;145;100;115;144;88;103 
 H&E;H&E-NORMAL  GLOMERULUS    (278).jpg;172;131;141;174;121;133;170;105;117 
 H&E;H&E-NORMAL  GLOMERULUS    (279).jpg;155;67;100;163;61;98;166;0;91 
 H&E;H&E-NORMAL  GLOMERULUS    (280).jpg;155;71;104;164;63;101;167;0;93 
 H&E;H&E-NORMAL  GLOMERULUS    (69).jpg;198;138;154;199;130;147;199;119;138 
 H&E;H&E-NORMAL  GLOMERULUS    (70).jpg;199;145;159;200;135;153;200;123;141 
 H&E;H&E-NORMAL  GLOMERULUS    (71).jpg;181;125;139;182;120;135;182;115;132 
 H&E;H&E-NORMAL  GLOMERULUS    (72).jpg;177;121;134;179;116;131;180;112;127 
 H&E;H&E-NORMAL  GLOMERULUS    (73).jpg;179;125;138;180;119;133;182;114;127 
 H&E;H&E-NORMAL  GLOMERULUS    (74).jpg;178;121;134;180;115;129;180;110;124 
 H&E;H&E-NORMAL  GLOMERULUS    (75).jpg;178;118;132;180;113;127;182;109;122 
 H&E;H&E-NORMAL  GLOMERULUS    (76).jpg;180;129;140;182;123;135;181;114;128 
 H&E;H&E-NORMAL  GLOMERULUS    (77).jpg;181;130;142;183;126;138;183;119;133 
 H&E;H&E-NORMAL  GLOMERULUS    (78).jpg;185;125;138;187;118;133;186;113;126 
 H&E;H&E-NORMAL  GLOMERULUS    (79).jpg;187;123;138;189;116;132;190;113;126 
 H&E;H&E-NORMAL  GLOMERULUS    (80).jpg;186;136;149;188;128;143;186;118;135 
 H&E;H&E-NORMAL  GLOMERULUS    (81).jpg;189;137;151;190;131;146;190;122;139 
 H&E;H&E-NORMAL  GLOMERULUS    (82).jpg;187;135;149;188;128;144;186;118;137 
 H&E;H&E-NORMAL  GLOMERULUS    (83).jpg;184;122;138;186;115;133;186;112;128 
 H&E;H&E-NORMAL  GLOMERULUS    (84).jpg;188;128;143;190;122;138;191;116;134 
 H&E;H&E-NORMAL  GLOMERULUS    (85).jpg;186;129;145;187;121;138;187;113;131 
 H&E;H&E-NORMAL  GLOMERULUS    (86).jpg;187;129;145;188;122;139;187;115;132 
 H&E;H&E-NORMAL  GLOMERULUS    (87).jpg;187;132;147;188;124;141;187;116;134 
 H&E;H&E-NORMAL  GLOMERULUS    (88).jpg;184;126;142;186;122;139;186;117;135 
 H&E;H&E-NORMAL  GLOMERULUS    (89).jpg;186;126;143;187;120;138;186;115;134 
 H&E;H&E-NORMAL  GLOMERULUS    (90).jpg;206;152;170;208;148;168;208;141;163 
 H&E;H&E-NORMAL  GLOMERULUS    (91).jpg;204;154;171;205;146;166;203;136;157 
 H&E;H&E-NORMAL  GLOMERULUS    (92).jpg;190;132;150;192;126;144;193;122;139 
 H&E;H&E-NORMAL  GLOMERULUS    (93).jpg;195;138;154;197;133;149;198;128;143 
 H&E;H&E-NORMAL  GLOMERULUS    (94).jpg;192;138;155;193;131;149;193;124;140 
 H&E;H&E-NORMAL  GLOMERULUS    (95).jpg;192;138;155;193;130;149;193;123;141 
 H&E;H&E-NORMAL  GLOMERULUS    (96).jpg;192;135;153;193;130;149;193;124;142 
 H&E;H&E-NORMAL  GLOMERULUS    (97).jpg;194;142;157;195;134;152;194;129;145 
 H&E;H&E-NORMAL  GLOMERULUS    (98).jpg;191;135;153;194;131;150;194;127;145 
 H&E;H&E-NORMAL  GLOMERULUS    (99).jpg;191;134;152;193;130;148;194;124;141 
 H&E;NORMAL  GLOMERULUS  -  AZAN  (1).jpg;162;122;151;160;112;147;162;95;136 
 H&E;NORMAL  GLOMERULUS  -  AZAN  (2).jpg;160;114;143;155;99;134;150;81;119 
 H&E;NORMAL  GLOMERULUS  -  AZAN  (3).jpg;166;124;152;161;109;143;156;90;132 
 PAMS;PAMS-GLOMERULAR  SCLEROSIS  GLOMERULUS  (1).jpg;193;173;157;226;203;181;234;208;185 
 PAMS;PAMS-GLOMERULAR  SCLEROSIS  GLOMERULUS  (10).jpg;114;117;126;94;97;110;255;255;255 
 PAMS;PAMS-GLOMERULAR  SCLEROSIS  GLOMERULUS  (11).jpg;119;121;129;97;99;111;255;255;255 
 PAMS;PAMS-GLOMERULAR  SCLEROSIS  GLOMERULUS  (12).jpg;157;158;166;165;166;176;255;255;255 
 PAMS;PAMS-GLOMERULAR  SCLEROSIS  GLOMERULUS  (13).jpg;138;134;147;110;101;123;255;255;255 
 PAMS;PAMS-GLOMERULAR  SCLEROSIS  GLOMERULUS  (14).jpg;142;140;152;123;119;139;255;255;255 
 PAMS;PAMS-GLOMERULAR  SCLEROSIS  GLOMERULUS  (15).jpg;125;126;138;103;101;118;255;255;255 
 PAMS;PAMS-GLOMERULAR  SCLEROSIS  GLOMERULUS  (16).jpg;159;161;165;192;192;196;255;255;255 
 PAMS;PAMS-GLOMERULAR  SCLEROSIS  GLOMERULUS  (17).jpg;147;149;154;166;169;175;255;255;255 
 PAMS;PAMS-GLOMERULAR  SCLEROSIS  GLOMERULUS  (18).jpg;156;157;152;184;187;176;219;223;209 
 PAMS;PAMS-GLOMERULAR  SCLEROSIS  GLOMERULUS  (19).jpg;119;119;122;138;136;137;22;22;28 
 PAMS;PAMS-GLOMERULAR  SCLEROSIS  GLOMERULUS  (2).jpg;211;188;174;244;218;199;255;221;206 
 PAMS;PAMS-GLOMERULAR  SCLEROSIS  GLOMERULUS  (20).jpg;123;123;125;143;141;142;198;19;198 
 PAMS;PAMS-GLOMERULAR  SCLEROSIS  GLOMERULUS  (21).jpg;156;157;164;178;178;185;255;255;255 
 PAMS;PAMS-GLOMERULAR  SCLEROSIS  GLOMERULUS  (22).jpg;149;150;153;187;189;187;214;218;214 
 PAMS;PAMS-GLOMERULAR  SCLEROSIS  GLOMERULUS  (23).jpg;149;152;155;186;187;188;211;22;212 
 PAMS;PAMS-GLOMERULAR  SCLEROSIS  GLOMERULUS  (24).jpg;108;107;109;101;97;102;27;22;38 
 PAMS;PAMS-GLOMERULAR  SCLEROSIS  GLOMERULUS  (25).jpg;149;151;154;171;172;173;240;255;214 
 PAMS;PAMS-GLOMERULAR  SCLEROSIS  GLOMERULUS  (26).jpg;150;144;133;189;183;165;233;225;205 
 PAMS;PAMS-GLOMERULAR  SCLEROSIS  GLOMERULUS  (27).jpg;176;173;178;220;217;217;255;255;255 
 PAMS;PAMS-GLOMERULAR  SCLEROSIS  GLOMERULUS  (28).jpg;166;162;168;202;199;201;255;255;255 
 PAMS;PAMS-GLOMERULAR  SCLEROSIS  GLOMERULUS  (29).jpg;167;164;168;211;205;207;255;255;255 
 PAMS;PAMS-GLOMERULAR  SCLEROSIS  GLOMERULUS  (3).jpg;182;163;151;215;194;176;239;213;190 
 PAMS;PAMS-GLOMERULAR  SCLEROSIS  GLOMERULUS  (30).jpg;164;164;168;219;216;215;255;255;255 
 PAMS;PAMS-GLOMERULAR  SCLEROSIS  GLOMERULUS  (31).jpg;141;138;141;161;155;159;255;255;255 
 PAMS;PAMS-GLOMERULAR  SCLEROSIS  GLOMERULUS  (32).jpg;133;129;133;141;135;141;255;255;255 
 PAMS;PAMS-GLOMERULAR  SCLEROSIS  GLOMERULUS  (33).jpg;130;124;122;157;147;144;200;186;178 
 PAMS;PAMS-GLOMERULAR  SCLEROSIS  GLOMERULUS  (34).jpg;119;113;111;122;115;115;216;17;191 
 PAMS;PAMS-GLOMERULAR  SCLEROSIS  GLOMERULUS  (35).jpg;124;117;115;141;133;131;14;14;21 
 PAMS;PAMS-GLOMERULAR  SCLEROSIS  GLOMERULUS  (36).jpg;140;135;138;151;146;150;236;18;225 
 PAMS;PAMS-GLOMERULAR  SCLEROSIS  GLOMERULUS  (37).jpg;163;159;158;197;197;190;239;236;224 
 PAMS;PAMS-GLOMERULAR  SCLEROSIS  GLOMERULUS  (38).jpg;145;142;145;170;165;167;249;255;247 
 PAMS;PAMS-GLOMERULAR  SCLEROSIS  GLOMERULUS  (39).jpg;130;122;124;143;133;135;213;204;194 
 PAMS;PAMS-GLOMERULAR  SCLEROSIS  GLOMERULUS  (4).jpg;179;160;148;218;198;177;236;209;189 
 PAMS;PAMS-GLOMERULAR  SCLEROSIS  GLOMERULUS  (40).jpg;169;167;169;200;199;198;255;255;255 
 PAMS;PAMS-GLOMERULAR  SCLEROSIS  GLOMERULUS  (41).jpg;184;182;184;230;229;223;255;255;255 
 PAMS;PAMS-GLOMERULAR  SCLEROSIS  GLOMERULUS  (42).jpg;149;146;146;186;182;178;233;225;214 
 PAMS;PAMS-GLOMERULAR  SCLEROSIS  GLOMERULUS  (43).jpg;161;158;157;197;201;193;233;229;218 
 PAMS;PAMS-GLOMERULAR  SCLEROSIS  GLOMERULUS  (44).jpg;148;140;144;157;150;153;239;235;221 
 PAMS;PAMS-GLOMERULAR  SCLEROSIS  GLOMERULUS  (45).jpg;172;163;163;209;196;193;255;255;255 
 PAMS;PAMS-GLOMERULAR  SCLEROSIS  GLOMERULUS  (46).jpg;181;178;180;218;217;214;244;255;239 
 PAMS;PAMS-GLOMERULAR  SCLEROSIS  GLOMERULUS  (47).jpg;163;160;158;214;211;200;228;224;214 
 PAMS;PAMS-GLOMERULAR  SCLEROSIS  GLOMERULUS  (48).jpg;161;157;155;211;206;198;225;220;212 
 PAMS;PAMS-GLOMERULAR  SCLEROSIS  GLOMERULUS  (49).jpg;167;163;161;213;210;201;225;222;213 
 PAMS;PAMS-GLOMERULAR  SCLEROSIS  GLOMERULUS  (5).jpg;174;155;143;218;196;175;236;210;187 
 PAMS;PAMS-GLOMERULAR  SCLEROSIS  GLOMERULUS  (50).jpg;198;193;193;230;229;220;255;255;234 
 PAMS;PAMS-GLOMERULAR  SCLEROSIS  GLOMERULUS  (51).jpg;190;180;181;231;224;216;255;241;233 
 PAMS;PAMS-GLOMERULAR  SCLEROSIS  GLOMERULUS  (52).jpg;186;178;176;236;229;217;255;243;231 
 PAMS;PAMS-GLOMERULAR  SCLEROSIS  GLOMERULUS  (53).jpg;189;180;179;235;230;218;255;255;236 
 PAMS;PAMS-GLOMERULAR  SCLEROSIS  GLOMERULUS  (54).jpg;191;176;170;224;208;197;255;225;216 
 PAMS;PAMS-GLOMERULAR  SCLEROSIS  GLOMERULUS  (55).jpg;181;166;162;218;207;194;255;233;217 
 PAMS;PAMS-GLOMERULAR  SCLEROSIS  GLOMERULUS  (56).jpg;155;141;138;200;179;174;238;220;206 
 PAMS;PAMS-GLOMERULAR  SCLEROSIS  GLOMERULUS  (57).jpg;165;150;146;214;196;186;237;220;208 
 PAMS;PAMS-GLOMERULAR  SCLEROSIS  GLOMERULUS  (58).jpg;144;126;126;147;125;127;241;223;211 
 PAMS;PAMS-GLOMERULAR  SCLEROSIS  GLOMERULUS  (59).jpg;163;145;143;193;173;169;235;215;205 
 PAMS;PAMS-GLOMERULAR  SCLEROSIS  GLOMERULUS  (6).jpg;134;105;91;124;95;88;236;0;0 
 PAMS;PAMS-GLOMERULAR  SCLEROSIS  GLOMERULUS  (60).jpg;138;121;122;145;125;127;255;23;148 
 PAMS;PAMS-GLOMERULAR  SCLEROSIS  GLOMERULUS  (61).jpg;164;151;149;196;177;173;255;243;229 
 PAMS;PAMS-GLOMERULAR  SCLEROSIS  GLOMERULUS  (62).jpg;203;187;183;232;219;208;255;236;222 
 PAMS;PAMS-GLOMERULAR  SCLEROSIS  GLOMERULUS  (63).jpg;208;192;187;237;222;212;255;237;225 
 PAMS;PAMS-GLOMERULAR  SCLEROSIS  GLOMERULUS  (64).jpg;163;148;143;188;172;164;233;214;203 
 PAMS;PAMS-GLOMERULAR  SCLEROSIS  GLOMERULUS  (65).jpg;177;161;155;200;186;176;234;215;205 
 PAMS;PAMS-GLOMERULAR  SCLEROSIS  GLOMERULUS  (66).jpg;159;142;139;178;163;157;230;212;200 
 PAMS;PAMS-GLOMERULAR  SCLEROSIS  GLOMERULUS  (67).jpg;128;117;110;137;124;114;12;13;18 
 PAMS;PAMS-GLOMERULAR  SCLEROSIS  GLOMERULUS  (68).jpg;138;126;120;164;153;143;20;14;179 
 PAMS;PAMS-GLOMERULAR  SCLEROSIS  GLOMERULUS  (69).jpg;146;132;126;184;168;155;208;15;179 
 PAMS;PAMS-GLOMERULAR  SCLEROSIS  GLOMERULUS  (7).jpg;170;153;145;203;180;170;255;255;212 
 PAMS;PAMS-GLOMERULAR  SCLEROSIS  GLOMERULUS  (70).jpg;136;124;118;161;148;139;17;14;176 
 PAMS;PAMS-GLOMERULAR  SCLEROSIS  GLOMERULUS  (71).jpg;139;126;120;165;153;143;219;198;183 
 PAMS;PAMS-GLOMERULAR  SCLEROSIS  GLOMERULUS  (72).jpg;152;133;130;166;144;140;238;218;195 
 PAMS;PAMS-GLOMERULAR  SCLEROSIS  GLOMERULUS  (73).jpg;150;131;127;164;142;138;224;215;187 
 PAMS;PAMS-GLOMERULAR  SCLEROSIS  GLOMERULUS  (74).jpg;137;118;116;145;124;122;27;16;33 
 PAMS;PAMS-GLOMERULAR  SCLEROSIS  GLOMERULUS  (75).jpg;136;118;116;146;123;121;255;14;200 
 PAMS;PAMS-GLOMERULAR  SCLEROSIS  GLOMERULUS  (76).jpg;185;159;151;196;172;161;219;196;183 
 PAMS;PAMS-GLOMERULAR  SCLEROSIS  GLOMERULUS  (77).jpg;194;168;158;209;187;172;224;200;184 
 PAMS;PAMS-GLOMERULAR  SCLEROSIS  GLOMERULUS  (78).jpg;155;141;134;200;183;170;239;215;197 
 PAMS;PAMS-GLOMERULAR  SCLEROSIS  GLOMERULUS  (79).jpg;179;156;150;191;169;161;255;219;201 
 PAMS;PAMS-GLOMERULAR  SCLEROSIS  GLOMERULUS  (8).jpg;148;148;157;169;167;182;255;255;255 
 PAMS;PAMS-GLOMERULAR  SCLEROSIS  GLOMERULUS  (80).jpg;134;117;116;140;120;120;240;17;31 
 PAMS;PAMS-GLOMERULAR  SCLEROSIS  GLOMERULUS  (81).jpg;174;153;146;211;187;173;227;202;187 
 PAMS;PAMS-GLOMERULAR  SCLEROSIS  GLOMERULUS  (82).jpg;182;164;159;218;196;187;255;238;220 
 PAMS;PAMS-GLOMERULAR  SCLEROSIS  GLOMERULUS  (83).jpg;161;144;141;185;165;160;255;228;212 
 PAMS;PAMS-GLOMERULAR  SCLEROSIS  GLOMERULUS  (84).jpg;147;129;121;178;160;147;225;203;186 
 PAMS;PAMS-GLOMERULAR  SCLEROSIS  GLOMERULUS  (85).jpg;152;134;127;181;165;152;224;202;186 
 PAMS;PAMS-GLOMERULAR  SCLEROSIS  GLOMERULUS  (86).jpg;140;124;116;163;148;136;226;12;188 
 PAMS;PAMS-GLOMERULAR  SCLEROSIS  GLOMERULUS  (87).jpg;155;138;131;164;146;139;255;222;207 
 PAMS;PAMS-GLOMERULAR  SCLEROSIS  GLOMERULUS  (88).jpg;183;162;152;218;198;179;255;216;201 
 PAMS;PAMS-GLOMERULAR  SCLEROSIS  GLOMERULUS  (89).jpg;176;154;144;204;181;165;231;209;188 
 PAMS;PAMS-GLOMERULAR  SCLEROSIS  GLOMERULUS  (9).jpg;147;134;134;153;139;140;222;215;201 
 PAMS;PAMS-GLOMERULAR  SCLEROSIS  GLOMERULUS  (90).jpg;142;126;120;158;140;133;236;212;193 
 PAMS;PAMS-GLOMERULAR  SCLEROSIS  GLOMERULUS  (91).jpg;88;78;74;53;42;47;9;9;14 
 PAMS;PAMS-GLOMERULAR  SCLEROSIS  GLOMERULUS  (92).jpg;96;85;81;80;65;67;9;9;11 
 PAMS;PAMS-GLOMERULAR  SCLEROSIS  GLOMERULUS  (93).jpg;195;177;164;240;218;197;255;222;203 
 PAMS;PAMS-MEMBRANOUS  (1).jpg;141;139;141;152;156;152;173;175;171 
 PAMS;PAMS-MEMBRANOUS  (2).jpg;177;173;166;187;185;176;203;205;190 
 PAMS;PAMS-MEMBRANOUS  (23).jpg;141;149;152;161;166;170;223;255;233 
 PAMS;PAMS-MEMBRANOUS  (24).jpg;133;142;144;135;143;148;223;255;233 
 PAMS;PAMS-MEMBRANOUS  (25).jpg;144;146;150;168;180;174;197;202;200 
 PAMS;PAMS-MEMBRANOUS  (26).jpg;148;151;154;175;187;181;202;210;204 
 PAMS;PAMS-MEMBRANOUS  (27).jpg;157;161;164;186;194;190;199;206;202 
 PAMS;PAMS-MEMBRANOUS  (28).jpg;122;124;128;153;161;157;178;182;182 
 PAMS;PAMS-MEMBRANOUS  (29).jpg;131;132;136;163;168;165;182;185;186 
 PAMS;PAMS-MEMBRANOUS  (3).jpg;153;152;153;161;164;161;172;174;171 
 PAMS;PAMS-MEMBRANOUS  (30).jpg;130;131;135;161;168;163;178;182;183 
 PAMS;PAMS-MEMBRANOUS  (31).jpg;171;172;164;204;211;194;223;232;205 
 PAMS;PAMS-MEMBRANOUS  (32).jpg;157;152;146;192;191;177;211;204;190 
 PAMS;PAMS-MEMBRANOUS  (33).jpg;140;143;139;170;177;166;217;225;212 
 PAMS;PAMS-MEMBRANOUS  (34).jpg;136;137;135;168;173;163;212;24;205 
 PAMS;PAMS-MEMBRANOUS  (35).jpg;153;152;147;181;186;176;214;216;204 
 PAMS;PAMS-MEMBRANOUS  (36).jpg;145;144;141;179;185;171;211;205;199 
 PAMS;PAMS-MEMBRANOUS  (4).jpg;150;155;155;174;182;177;209;222;206 
 PAMS;PAMS-MEMBRANOUS  (5).jpg;182;185;175;202;207;194;221;246;211 
 PAMS;PAMS-MEMBRANOUS  (6).jpg;146;149;151;174;181;177;196;203;191 
 PAMS;PAMS-MEMBRANOUS  (7).jpg;151;150;146;175;181;171;210;213;199 
 PAMS;PAMS-NORMAL  GLOMERULUS  (1).jpg;180;169;170;220;206;201;255;230;227 
 PAMS;PAMS-NORMAL  GLOMERULUS  (1).TIF;184;170;173;199;184;186;203;191;193 
 PAMS;PAMS-NORMAL  GLOMERULUS  (10).jpg;180;165;160;196;184;178;203;189;185 
 PAMS;PAMS-NORMAL  GLOMERULUS  (11).jpg;185;181;173;206;202;190;209;203;192 
 PAMS;PAMS-NORMAL  GLOMERULUS  (12).jpg;183;179;170;205;201;189;213;210;195 
 PAMS;PAMS-NORMAL  GLOMERULUS  (13).jpg;183;178;170;206;202;189;212;204;193 
 PAMS;PAMS-NORMAL  GLOMERULUS  (14).jpg;195;174;162;226;206;187;255;227;204 
 PAMS;PAMS-NORMAL  GLOMERULUS  (15).jpg;156;140;132;189;176;160;242;219;195 
 PAMS;PAMS-NORMAL  GLOMERULUS  (16).jpg;195;172;159;217;196;177;231;206;186 
 PAMS;PAMS-NORMAL  GLOMERULUS  (17).jpg;179;158;148;208;190;170;226;204;183 
 PAMS;PAMS-NORMAL  GLOMERULUS  (18).jpg;159;144;133;194;181;160;211;191;172 
 PAMS;PAMS-NORMAL  GLOMERULUS  (19).jpg;193;174;165;225;205;189;232;208;194 
 PAMS;PAMS-NORMAL  GLOMERULUS  (2).jpg;167;151;148;186;172;167;201;189;183 
 PAMS;PAMS-NORMAL  GLOMERULUS  (20).jpg;149;140;136;184;186;165;217;200;189 
 PAMS;PAMS-NORMAL  GLOMERULUS  (21).jpg;197;179;169;228;208;192;234;211;198 
 PAMS;PAMS-NORMAL  GLOMERULUS  (22).jpg;181;163;159;211;191;182;255;229;216 
 PAMS;PAMS-NORMAL  GLOMERULUS  (23).jpg;209;186;177;228;203;192;245;222;208 
 PAMS;PAMS-NORMAL  GLOMERULUS  (24).jpg;165;151;141;215;195;179;255;235;213 
 PAMS;PAMS-NORMAL  GLOMERULUS  (25).jpg;180;162;159;201;181;175;229;210;198 
 PAMS;PAMS-NORMAL  GLOMERULUS  (26).jpg;157;141;137;190;174;164;224;203;192 
 PAMS;PAMS-NORMAL  GLOMERULUS  (27).jpg;133;118;118;125;107;110;240;223;211 
 PAMS;PAMS-NORMAL  GLOMERULUS  (28).jpg;137;124;125;143;128;129;242;18;216 
 PAMS;PAMS-NORMAL  GLOMERULUS  (29).jpg;187;175;177;226;212;208;255;255;255 
 PAMS;PAMS-NORMAL  GLOMERULUS  (3).jpg;169;153;149;186;175;168;202;189;184 
 PAMS;PAMS-NORMAL  GLOMERULUS  (30).jpg;189;169;165;222;204;192;238;217;205 
 PAMS;PAMS-NORMAL  GLOMERULUS  (31).jpg;185;172;169;220;207;199;255;255;232 
 PAMS;PAMS-NORMAL  GLOMERULUS  (32).jpg;192;177;171;233;218;205;255;230;216 
 PAMS;PAMS-NORMAL  GLOMERULUS  (33).jpg;154;143;141;195;188;174;212;200;190 
 PAMS;PAMS-NORMAL  GLOMERULUS  (34).jpg;167;172;168;205;214;204;238;255;236 
 PAMS;PAMS-NORMAL  GLOMERULUS  (35).jpg;164;168;176;201;206;212;255;255;255 
 PAMS;PAMS-NORMAL  GLOMERULUS  (4).jpg;167;152;148;186;171;166;202;187;183 
 PAMS;PAMS-NORMAL  GLOMERULUS  (5).jpg;167;152;149;185;172;167;202;188;184 
 PAMS;PAMS-NORMAL  GLOMERULUS  (6).jpg;165;150;146;185;170;165;201;186;183 
 PAMS;PAMS-NORMAL  GLOMERULUS  (7).jpg;169;150;144;183;165;158;199;182;172 
 PAMS;PAMS-NORMAL  GLOMERULUS  (8).jpg;184;169;165;200;188;181;205;191;186 
 PAMS;PAMS-NORMAL  GLOMERULUS  (9).jpg;183;168;164;199;187;181;205;194;189 
 PAS;PAS-GLOMERULAR  SCLEROSIS  GLOMERULUS  (1).jpg;201;138;140;209;140;145;234;192;156 
 PAS;PAS-GLOMERULAR  SCLEROSIS  GLOMERULUS  (10).jpg;131;99;122;134;98;123;138;89;131 
 PAS;PAS-GLOMERULAR  SCLEROSIS  GLOMERULUS  (11).jpg;131;101;124;135;102;125;140;100;128 
 PAS;PAS-GLOMERULAR  SCLEROSIS  GLOMERULUS  (12).jpg;132;100;123;134;98;124;140;89;121 
 PAS;PAS-GLOMERULAR  SCLEROSIS  GLOMERULUS  (13).jpg;132;102;125;135;102;126;143;88;136 
 PAS;PAS-GLOMERULAR  SCLEROSIS  GLOMERULUS  (14).jpg;137;109;130;140;109;131;144;126;139 
 PAS;PAS-GLOMERULAR  SCLEROSIS  GLOMERULUS  (141).jpg;146;111;129;145;107;128;148;112;131 
 PAS;PAS-GLOMERULAR  SCLEROSIS  GLOMERULUS  (142).jpg;164;128;153;163;123;152;162;132;156 
 PAS;PAS-GLOMERULAR  SCLEROSIS  GLOMERULUS  (143).jpg;156;125;141;157;125;142;159;122;142 
 PAS;PAS-GLOMERULAR  SCLEROSIS  GLOMERULUS  (144).jpg;174;137;162;175;134;162;176;132;161 
 PAS;PAS-GLOMERULAR  SCLEROSIS  GLOMERULUS  (145).jpg;169;136;160;169;133;161;173;144;168 
 PAS;PAS-GLOMERULAR  SCLEROSIS  GLOMERULUS  (146).jpg;180;157;179;181;157;179;180;159;178 
 PAS;PAS-GLOMERULAR  SCLEROSIS  GLOMERULUS  (147).jpg;177;152;170;178;151;169;177;152;168 
 PAS;PAS-GLOMERULAR  SCLEROSIS  GLOMERULUS  (148).jpg;183;138;146;183;135;145;179;115;138 
 PAS;PAS-GLOMERULAR  SCLEROSIS  GLOMERULUS  (149).jpg;190;146;152;192;146;153;195;132;147 
 PAS;PAS-GLOMERULAR  SCLEROSIS  GLOMERULUS  (15).jpg;137;107;125;139;107;126;174;164;156 
 PAS;PAS-GLOMERULAR  SCLEROSIS  GLOMERULUS  (150).jpg;187;141;148;186;138;148;181;115;139 
 PAS;PAS-GLOMERULAR  SCLEROSIS  GLOMERULUS  (151).jpg;189;145;151;190;146;152;194;147;154 
 PAS;PAS-GLOMERULAR  SCLEROSIS  GLOMERULUS  (152).jpg;188;140;147;189;142;149;190;146;152 
 PAS;PAS-GLOMERULAR  SCLEROSIS  GLOMERULUS  (153).jpg;188;140;147;190;141;149;192;155;154 
 PAS;PAS-GLOMERULAR  SCLEROSIS  GLOMERULUS  (154).jpg;210;162;168;213;165;171;218;171;172 
 PAS;PAS-GLOMERULAR  SCLEROSIS  GLOMERULUS  (155).jpg;200;154;169;202;155;170;255;163;172 
 PAS;PAS-GLOMERULAR  SCLEROSIS  GLOMERULUS  (156).jpg;156;105;127;156;98;124;155;101;122 
 PAS;PAS-GLOMERULAR  SCLEROSIS  GLOMERULUS  (157).jpg;158;112;128;152;101;123;147;199;117 
 PAS;PAS-GLOMERULAR  SCLEROSIS  GLOMERULUS  (158).jpg;200;154;160;199;152;160;197;146;157 
 PAS;PAS-GLOMERULAR  SCLEROSIS  GLOMERULUS  (159).jpg;202;157;162;204;158;163;207;158;166 
 PAS;PAS-GLOMERULAR  SCLEROSIS  GLOMERULUS  (16).jpg;186;149;169;191;153;172;211;191;191 
 PAS;PAS-GLOMERULAR  SCLEROSIS  GLOMERULUS  (160).jpg;205;159;166;205;157;166;201;149;163 
 PAS;PAS-GLOMERULAR  SCLEROSIS  GLOMERULUS  (161).jpg;195;148;160;197;146;160;196;145;159 
 PAS;PAS-GLOMERULAR  SCLEROSIS  GLOMERULUS  (162).jpg;195;149;160;198;146;160;198;149;158 
 PAS;PAS-GLOMERULAR  SCLEROSIS  GLOMERULUS  (163).jpg;188;153;165;194;155;167;197;153;166 
 PAS;PAS-GLOMERULAR  SCLEROSIS  GLOMERULUS  (164).jpg;219;181;185;220;178;185;255;229;207 
 PAS;PAS-GLOMERULAR  SCLEROSIS  GLOMERULUS  (165).jpg;202;160;164;205;159;164;204;159;163 
 PAS;PAS-GLOMERULAR  SCLEROSIS  GLOMERULUS  (166).jpg;201;162;163;202;160;164;195;206;159 
 PAS;PAS-GLOMERULAR  SCLEROSIS  GLOMERULUS  (167).jpg;208;168;172;209;167;173;245;219;199 
 PAS;PAS-GLOMERULAR  SCLEROSIS  GLOMERULUS  (168).jpg;162;128;147;164;126;148;163;114;144 
 PAS;PAS-GLOMERULAR  SCLEROSIS  GLOMERULUS  (169).jpg;157;119;140;157;117;141;168;123;147 
 PAS;PAS-GLOMERULAR  SCLEROSIS  GLOMERULUS  (17).jpg;167;123;156;168;124;159;169;185;160 
 PAS;PAS-GLOMERULAR  SCLEROSIS  GLOMERULUS  (170).jpg;159;120;142;160;116;141;154;97;131 
 PAS;PAS-GLOMERULAR  SCLEROSIS  GLOMERULUS  (171).jpg;167;132;150;168;131;151;163;134;150 
 PAS;PAS-GLOMERULAR  SCLEROSIS  GLOMERULUS  (172).jpg;158;120;142;159;117;142;167;117;147 
 PAS;PAS-GLOMERULAR  SCLEROSIS  GLOMERULUS  (173).jpg;166;133;150;167;131;151;206;200;190 
 PAS;PAS-GLOMERULAR  SCLEROSIS  GLOMERULUS  (174).jpg;149;113;133;149;110;132;152;123;136 
 PAS;PAS-GLOMERULAR  SCLEROSIS  GLOMERULUS  (175).jpg;150;116;136;151;112;134;155;114;137 
 PAS;PAS-GLOMERULAR  SCLEROSIS  GLOMERULUS  (176).jpg;150;107;130;150;105;129;153;104;131 
 PAS;PAS-GLOMERULAR  SCLEROSIS  GLOMERULUS  (177).jpg;154;113;134;155;112;135;161;112;145 
 PAS;PAS-GLOMERULAR  SCLEROSIS  GLOMERULUS  (178).jpg;182;151;173;183;151;174;186;156;173 
 PAS;PAS-GLOMERULAR  SCLEROSIS  GLOMERULUS  (179).jpg;180;146;170;181;146;171;184;150;170 
 PAS;PAS-GLOMERULAR  SCLEROSIS  GLOMERULUS  (18).jpg;151;112;128;149;104;125;185;167;157 
 PAS;PAS-GLOMERULAR  SCLEROSIS  GLOMERULUS  (19).jpg;188;153;174;191;152;175;231;213;211 
 PAS;PAS-GLOMERULAR  SCLEROSIS  GLOMERULUS  (2).jpg;161;145;162;161;144;161;157;144;162 
 PAS;PAS-GLOMERULAR  SCLEROSIS  GLOMERULUS  (20).jpg;168;133;154;170;130;153;170;133;153 
 PAS;PAS-GLOMERULAR  SCLEROSIS  GLOMERULUS  (21).jpg;142;109;123;143;103;120;141;100;118 
 PAS;PAS-GLOMERULAR  SCLEROSIS  GLOMERULUS  (22).jpg;184;139;175;180;129;170;161;255;165 
 PAS;PAS-GLOMERULAR  SCLEROSIS  GLOMERULUS  (23).jpg;193;153;190;192;146;188;255;255;255 
 PAS;PAS-GLOMERULAR  SCLEROSIS  GLOMERULUS  (24).jpg;169;136;167;171;137;167;174;147;171 
 PAS;PAS-GLOMERULAR  SCLEROSIS  GLOMERULUS  (25).jpg;201;175;199;202;171;199;242;248;234 
 PAS;PAS-GLOMERULAR  SCLEROSIS  GLOMERULUS  (26).jpg;162;141;166;160;136;163;159;132;160 
 PAS;PAS-GLOMERULAR  SCLEROSIS  GLOMERULUS  (27).jpg;181;156;187;182;155;187;183;169;189 
 PAS;PAS-GLOMERULAR  SCLEROSIS  GLOMERULUS  (28).jpg;186;162;191;186;161;191;185;162;195 
 PAS;PAS-GLOMERULAR  SCLEROSIS  GLOMERULUS  (29).jpg;186;162;191;189;163;193;199;166;198 
 PAS;PAS-GLOMERULAR  SCLEROSIS  GLOMERULUS  (3).jpg;203;128;144;210;129;146;212;127;148 
 PAS;PAS-GLOMERULAR  SCLEROSIS  GLOMERULUS  (30).jpg;179;152;185;180;152;186;183;167;193 
 PAS;PAS-GLOMERULAR  SCLEROSIS  GLOMERULUS  (31).jpg;187;163;193;190;168;197;200;176;205 
 PAS;PAS-GLOMERULAR  SCLEROSIS  GLOMERULUS  (32).jpg;177;148;181;177;143;180;177;218;178 
 PAS;PAS-GLOMERULAR  SCLEROSIS  GLOMERULUS  (33).jpg;175;155;184;176;153;184;178;164;187 
 PAS;PAS-GLOMERULAR  SCLEROSIS  GLOMERULUS  (34).jpg;159;138;163;160;138;163;158;141;163 
 PAS;PAS-GLOMERULAR  SCLEROSIS  GLOMERULUS  (35).jpg;144;115;147;143;110;144;141;91;139 
 PAS;PAS-GLOMERULAR  SCLEROSIS  GLOMERULUS  (36).jpg;145;116;148;144;111;146;138;84;131 
 PAS;PAS-GLOMERULAR  SCLEROSIS  GLOMERULUS  (37).jpg;176;151;189;178;148;188;183;255;255 
 PAS;PAS-GLOMERULAR  SCLEROSIS  GLOMERULUS  (38).jpg;179;152;195;180;149;195;255;255;255 
 PAS;PAS-GLOMERULAR  SCLEROSIS  GLOMERULUS  (39).jpg;155;127;154;158;125;153;164;129;157 
 PAS;PAS-GLOMERULAR  SCLEROSIS  GLOMERULUS  (4).jpg;173;148;168;176;149;170;181;156;174 
 PAS;PAS-GLOMERULAR  SCLEROSIS  GLOMERULUS  (40).jpg;153;125;152;154;123;151;156;109;153 
 PAS;PAS-GLOMERULAR  SCLEROSIS  GLOMERULUS  (41).jpg;191;176;188;194;178;190;196;182;190 
 PAS;PAS-GLOMERULAR  SCLEROSIS  GLOMERULUS  (42).jpg;207;182;210;210;184;212;255;255;255 
 PAS;PAS-GLOMERULAR  SCLEROSIS  GLOMERULUS  (43).jpg;176;148;172;176;144;171;177;146;171 
 PAS;PAS-GLOMERULAR  SCLEROSIS  GLOMERULUS  (44).jpg;166;138;165;168;137;165;169;139;164 
 PAS;PAS-GLOMERULAR  SCLEROSIS  GLOMERULUS  (45).jpg;199;169;190;203;171;192;210;188;199 
 PAS;PAS-GLOMERULAR  SCLEROSIS  GLOMERULUS  (46).jpg;203;177;196;207;180;198;211;183;201 
 PAS;PAS-GLOMERULAR  SCLEROSIS  GLOMERULUS  (47).jpg;210;184;201;212;184;201;212;188;201 
 PAS;PAS-GLOMERULAR  SCLEROSIS  GLOMERULUS  (48).jpg;228;202;228;234;203;230;255;255;255 
 PAS;PAS-GLOMERULAR  SCLEROSIS  GLOMERULUS  (49).jpg;202;173;193;205;172;193;207;164;194 
 PAS;PAS-GLOMERULAR  SCLEROSIS  GLOMERULUS  (5).jpg;131;111;134;130;104;131;134;92;120 
 PAS;PAS-GLOMERULAR  SCLEROSIS  GLOMERULUS  (50).jpg;200;171;191;203;171;191;208;166;193 
 PAS;PAS-GLOMERULAR  SCLEROSIS  GLOMERULUS  (6).jpg;219;190;226;226;194;235;255;255;255 
 PAS;PAS-GLOMERULAR  SCLEROSIS  GLOMERULUS  (7).jpg;169;139;184;169;133;181;169;114;255 
 PAS;PAS-GLOMERULAR  SCLEROSIS  GLOMERULUS  (8).jpg;112;80;97;115;78;98;118;67;100 
 PAS;PAS-GLOMERULAR  SCLEROSIS  GLOMERULUS  (9).jpg;120;95;106;124;94;107;139;138;126 
 PAS;PAS-NORMAL  GLOMERULUS  (1).jpg;131;97;102;136;100;106;142;103;110 
 PAS;PAS-NORMAL  GLOMERULUS  (1).TIF;177;145;167;179;146;171;204;189;196 
 PAS;PAS-NORMAL  GLOMERULUS  (100).jpg;181;161;177;185;163;179;185;168;181 
 PAS;PAS-NORMAL  GLOMERULUS  (101).jpg;190;181;201;194;181;203;224;238;230 
 PAS;PAS-NORMAL  GLOMERULUS  (102).jpg;197;186;204;202;190;207;203;255;210 
 PAS;PAS-NORMAL  GLOMERULUS  (103).jpg;153;138;151;156;140;153;158;143;151 
 PAS;PAS-NORMAL  GLOMERULUS  (104).jpg;166;148;164;168;151;165;173;156;166 
 PAS;PAS-NORMAL  GLOMERULUS  (105).jpg;190;151;187;196;148;186;255;255;255 
 PAS;PAS-NORMAL  GLOMERULUS  (106).jpg;179;141;170;184;143;171;187;153;176 
 PAS;PAS-NORMAL  GLOMERULUS  (107).jpg;155;120;139;158;121;139;160;128;139 
 PAS;PAS-NORMAL  GLOMERULUS  (108).jpg;151;116;136;155;118;136;155;126;137 
 PAS;PAS-NORMAL  GLOMERULUS  (109).jpg;210;185;220;226;192;233;255;255;255 
 PAS;PAS-NORMAL  GLOMERULUS  (110).jpg;204;138;147;211;140;149;210;150;152 
 PAS;PAS-NORMAL  GLOMERULUS  (111).jpg;182;156;150;184;156;152;188;160;157 
 PAS;PAS-NORMAL  GLOMERULUS  (2).jpg;181;151;165;181;147;164;179;145;162 
 PAS;PAS-NORMAL  GLOMERULUS  (2).TIF;192;160;183;193;158;185;188;153;180 
 PAS;PAS-NORMAL  GLOMERULUS  (3).jpg;177;145;161;178;143;161;182;148;164 
 PAS;PAS-NORMAL  GLOMERULUS  (3).TIF;187;154;179;187;152;179;183;152;180 
 PAS;PAS-NORMAL  GLOMERULUS  (4).jpg;188;161;171;189;159;170;188;160;169 
 PAS;PAS-NORMAL  GLOMERULUS  (4).TIF;198;169;189;199;166;189;232;211;212 
 PAS;PAS-NORMAL  GLOMERULUS  (5).jpg;188;162;172;189;160;171;186;161;170 
 PAS;PAS-NORMAL  GLOMERULUS  (5).TIF;186;151;175;186;149;178;223;208;207 
 PAS;PAS-NORMAL  GLOMERULUS  (6).jpg;180;148;163;181;146;163;183;151;163 
 PAS;PAS-NORMAL  GLOMERULUS  (62).jpg;199;164;175;201;166;177;197;168;177 
 PAS;PAS-NORMAL  GLOMERULUS  (63).jpg;187;153;172;191;155;174;189;171;179 
 PAS;PAS-NORMAL  GLOMERULUS  (64).jpg;190;156;173;195;161;176;207;174;184 
 PAS;PAS-NORMAL  GLOMERULUS  (65).jpg;204;166;178;205;167;179;255;224;177 
 PAS;PAS-NORMAL  GLOMERULUS  (66).jpg;184;138;156;190;141;159;197;157;165 
 PAS;PAS-NORMAL  GLOMERULUS  (67).jpg;186;139;156;189;141;159;198;145;163 
 PAS;PAS-NORMAL  GLOMERULUS  (68).jpg;192;145;161;195;149;164;201;162;167 
 PAS;PAS-NORMAL  GLOMERULUS  (69).jpg;193;142;161;195;145;163;197;161;169 
 PAS;PAS-NORMAL  GLOMERULUS  (70).jpg;216;180;187;221;185;191;255;190;194 
 PAS;PAS-NORMAL  GLOMERULUS  (71).jpg;199;152;168;204;155;171;210;168;179 
 PAS;PAS-NORMAL  GLOMERULUS  (72).jpg;183;143;166;187;147;169;255;158;174 
 PAS;PAS-NORMAL  GLOMERULUS  (73).jpg;189;150;170;191;152;172;255;155;175 
 PAS;PAS-NORMAL  GLOMERULUS  (74).jpg;195;156;174;201;162;179;255;190;200 
 PAS;PAS-NORMAL  GLOMERULUS  (75).jpg;196;158;175;202;164;181;255;194;202 
 PAS;PAS-NORMAL  GLOMERULUS  (76).jpg;185;138;155;188;138;157;255;150;166 
 PAS;PAS-NORMAL  GLOMERULUS  (77).jpg;211;164;182;218;171;188;255;180;192 
 PAS;PAS-NORMAL  GLOMERULUS  (78).jpg;188;153;170;190;154;171;191;161;177 
 PAS;PAS-NORMAL  GLOMERULUS  (79).jpg;200;162;175;202;163;176;203;169;177 
 PAS;PAS-NORMAL  GLOMERULUS  (80).jpg;214;171;190;217;172;192;222;183;196 
 PAS;PAS-NORMAL  GLOMERULUS  (81).jpg;197;160;176;201;162;178;201;168;181 
 PAS;PAS-NORMAL  GLOMERULUS  (82).jpg;200;163;179;203;164;180;205;170;181 
 PAS;PAS-NORMAL  GLOMERULUS  (83).jpg;214;176;194;217;178;196;217;187;199 
 PAS;PAS-NORMAL  GLOMERULUS  (84).jpg;202;162;179;208;171;184;214;182;191 
 PAS;PAS-NORMAL  GLOMERULUS  (85).jpg;205;169;184;210;177;188;213;186;191 
 PAS;PAS-NORMAL  GLOMERULUS  (86).jpg;206;166;182;213;175;188;221;190;196 
 PAS;PAS-NORMAL  GLOMERULUS  (87).jpg;209;168;189;209;165;188;255;169;188 
 PAS;PAS-NORMAL  GLOMERULUS  (88).jpg;201;161;183;202;160;183;201;165;185 
 PAS;PAS-NORMAL  GLOMERULUS  (89).jpg;205;166;186;207;166;186;206;170;188 
 PAS;PAS-NORMAL  GLOMERULUS  (90).jpg;209;171;188;213;176;191;215;180;192 
 PAS;PAS-NORMAL  GLOMERULUS  (91).jpg;207;167;185;211;171;189;217;183;195 
 PAS;PAS-NORMAL  GLOMERULUS  (92).jpg;200;166;184;205;172;188;255;179;192 
 PAS;PAS-NORMAL  GLOMERULUS  (93).jpg;215;181;196;218;183;198;222;192;200 
 PAS;PAS-NORMAL  GLOMERULUS  (94).jpg;186;155;172;188;155;173;193;166;174 
 PAS;PAS-NORMAL  GLOMERULUS  (95).jpg;197;176;192;201;179;194;203;189;197 
 PAS;PAS-NORMAL  GLOMERULUS  (96).jpg;190;172;196;194;175;198;221;220;221 
 PAS;PAS-NORMAL  GLOMERULUS  (97).jpg;204;174;197;210;177;201;214;193;206 
 PAS;PAS-NORMAL  GLOMERULUS  (98).jpg;170;147;171;172;144;170;211;206;202 
 PAS;PAS-NORMAL  GLOMERULUS  (99).jpg;217;191;213;221;191;215;255;255;247 
