 GROUP;NAME;L(AVARAGE);A(AVARAGE);B(AVARAGE);L(MEDIAN);A(MEDIAN);B(MEDIAN);L(MODE);A(MODE);B(MODE) 
   H&E;H&E-MEMBRANOUS        GLOMERULUS    (1).jpg;68;18;-6;66;22;-4;99;24;-4 
   H&E;H&E-MEMBRANOUS        GLOMERULUS    (1).TIF;45;26;-2;44;28;-1;43;30;0 
   H&E;H&E-MEMBRANOUS        GLOMERULUS    (10).jpg;62;14;-4;60;17;-4;52;25;-4 
   H&E;H&E-MEMBRANOUS        GLOMERULUS    (10).TIF;47;28;1;46;30;2;44;33;2 
   H&E;H&E-MEMBRANOUS        GLOMERULUS    (11).jpg;54;12;-4;53;14;-4;74;1;-4 
   H&E;H&E-MEMBRANOUS        GLOMERULUS    (11).TIF;47;28;1;45;31;2;43;35;3 
   H&E;H&E-MEMBRANOUS        GLOMERULUS    (12).jpg;68;15;-2;65;19;-2;60;26;-4 
   H&E;H&E-MEMBRANOUS        GLOMERULUS    (12).TIF;47;28;1;45;30;2;44;34;3 
   H&E;H&E-MEMBRANOUS        GLOMERULUS    (13).jpg;64;15;-8;60;20;-8;55;24;-8 
   H&E;H&E-MEMBRANOUS        GLOMERULUS    (13).TIF;47;28;2;46;30;2;44;35;2 
   H&E;H&E-MEMBRANOUS        GLOMERULUS    (14).jpg;63;19;-5;61;22;-4;57;26;-4 
   H&E;H&E-MEMBRANOUS        GLOMERULUS    (14).TIF;45;27;0;44;30;1;43;33;2 
   H&E;H&E-MEMBRANOUS        GLOMERULUS    (15).jpg;66;22;-2;64;25;-1;60;27;-4 
   H&E;H&E-MEMBRANOUS        GLOMERULUS    (15).TIF;55;26;-2;55;27;-1;54;30;-1 
   H&E;H&E-MEMBRANOUS        GLOMERULUS    (16).jpg;63;19;-2;61;24;0;87;27;1 
   H&E;H&E-MEMBRANOUS        GLOMERULUS    (16).TIF;52;28;-1;51;30;0;49;32;1 
   H&E;H&E-MEMBRANOUS        GLOMERULUS    (17).jpg;65;25;1;64;28;2;62;29;1 
   H&E;H&E-MEMBRANOUS        GLOMERULUS    (17).TIF;50;29;-1;49;31;1;48;34;2 
   H&E;H&E-MEMBRANOUS        GLOMERULUS    (18).jpg;71;18;1;69;22;2;62;29;1 
   H&E;H&E-MEMBRANOUS        GLOMERULUS    (18).TIF;51;29;-1;50;31;0;48;34;1 
   H&E;H&E-MEMBRANOUS        GLOMERULUS    (19).jpg;62;28;2;61;31;3;58;36;1 
   H&E;H&E-MEMBRANOUS        GLOMERULUS    (2).jpg;62;18;-4;59;22;-3;55;26;-4 
   H&E;H&E-MEMBRANOUS        GLOMERULUS    (2).TIF;48;23;-3;47;25;-2;46;28;-1 
   H&E;H&E-MEMBRANOUS        GLOMERULUS    (20).jpg;68;21;1;66;25;2;60;29;1 
   H&E;H&E-MEMBRANOUS        GLOMERULUS    (21).jpg;59;24;-1;57;27;0;57;27;1 
   H&E;H&E-MEMBRANOUS        GLOMERULUS    (22).jpg;66;16;-2;66;20;0;88;27;1 
   H&E;H&E-MEMBRANOUS        GLOMERULUS    (23).jpg;66;16;-2;65;20;0;87;27;1 
   H&E;H&E-MEMBRANOUS        GLOMERULUS    (24).jpg;64;25;2;62;29;3;59;29;1 
   H&E;H&E-MEMBRANOUS        GLOMERULUS    (25).jpg;63;25;4;58;33;6;53;38;7 
   H&E;H&E-MEMBRANOUS        GLOMERULUS    (26).jpg;63;15;-1;63;18;0;61;19;1 
   H&E;H&E-MEMBRANOUS        GLOMERULUS    (27).jpg;62;13;-2;61;16;-1;59;18;-1 
   H&E;H&E-MEMBRANOUS        GLOMERULUS    (28).jpg;62;14;-1;61;17;1;59;18;1 
   H&E;H&E-MEMBRANOUS        GLOMERULUS    (29).jpg;60;17;-1;59;19;0;56;21;0 
   H&E;H&E-MEMBRANOUS        GLOMERULUS    (3).jpg;66;11;-1;64;14;0;90;-4;-4 
   H&E;H&E-MEMBRANOUS        GLOMERULUS    (3).TIF;50;21;-4;49;23;-3;48;24;-3 
   H&E;H&E-MEMBRANOUS        GLOMERULUS    (30).jpg;61;12;-4;60;14;-3;56;18;-4 
   H&E;H&E-MEMBRANOUS        GLOMERULUS    (31).jpg;74;16;5;72;21;6;95;29;5 
   H&E;H&E-MEMBRANOUS        GLOMERULUS    (32).jpg;66;16;0;64;21;1;84;26;1 
   H&E;H&E-MEMBRANOUS        GLOMERULUS    (4).jpg;60;15;-4;58;17;-4;54;21;-4 
   H&E;H&E-MEMBRANOUS        GLOMERULUS    (4).TIF;46;24;-3;46;26;-1;45;27;-1 
   H&E;H&E-MEMBRANOUS        GLOMERULUS    (5).jpg;64;12;-3;62;15;-2;87;-3;-4 
   H&E;H&E-MEMBRANOUS        GLOMERULUS    (5).TIF;47;25;-2;46;27;0;44;31;1 
   H&E;H&E-MEMBRANOUS        GLOMERULUS    (6).jpg;65;15;-6;62;18;-6;53;24;-8 
   H&E;H&E-MEMBRANOUS        GLOMERULUS    (6).TIF;46;25;-2;46;27;0;44;28;0 
   H&E;H&E-MEMBRANOUS        GLOMERULUS    (7).jpg;62;17;-6;58;21;-5;52;28;-4 
   H&E;H&E-MEMBRANOUS        GLOMERULUS    (7).TIF;45;27;0;44;29;1;43;32;2 
   H&E;H&E-MEMBRANOUS        GLOMERULUS    (8).jpg;55;15;-3;52;18;-3;45;23;-4 
   H&E;H&E-MEMBRANOUS        GLOMERULUS    (8).TIF;45;28;0;45;30;1;43;33;1 
   H&E;H&E-MEMBRANOUS        GLOMERULUS    (9).jpg;69;15;-1;66;19;-1;60;26;-4 
   H&E;H&E-MEMBRANOUS        GLOMERULUS    (9).TIF;56;29;-2;54;31;-1;51;35;0 
   H&E;H&E-NORMAL    GLOMERULUS        (100).jpg;66;17;1;65;20;2;59;26;1 
   H&E;H&E-NORMAL    GLOMERULUS        (101).jpg;68;14;2;67;16;3;90;-2;10 
   H&E;H&E-NORMAL    GLOMERULUS        (102).jpg;70;12;3;69;15;3;91;-2;10 
   H&E;H&E-NORMAL    GLOMERULUS        (103).jpg;68;15;1;67;17;2;62;23;1 
   H&E;H&E-NORMAL    GLOMERULUS        (104).jpg;71;11;2;71;13;3;92;-2;1 
   H&E;H&E-NORMAL    GLOMERULUS        (105).jpg;68;14;2;68;16;2;62;19;1 
   H&E;H&E-NORMAL    GLOMERULUS        (106).jpg;58;20;0;56;24;2;53;28;2 
   H&E;H&E-NORMAL    GLOMERULUS        (107).jpg;61;19;1;59;22;2;54;26;6 
   H&E;H&E-NORMAL    GLOMERULUS        (108).jpg;62;18;0;60;22;1;54;26;1 
   H&E;H&E-NORMAL    GLOMERULUS        (109).jpg;67;15;1;65;19;2;57;26;1 
   H&E;H&E-NORMAL    GLOMERULUS        (110).jpg;71;13;0;69;16;1;92;-3;10 
   H&E;H&E-NORMAL    GLOMERULUS        (111).jpg;58;17;-4;57;20;-4;52;25;-4 
   H&E;H&E-NORMAL    GLOMERULUS        (112).jpg;58;17;-5;57;18;-4;54;21;-4 
   H&E;H&E-NORMAL    GLOMERULUS        (113).jpg;62;14;-4;62;15;-4;59;18;-4 
   H&E;H&E-NORMAL    GLOMERULUS        (114).jpg;63;13;-5;63;15;-4;59;16;-4 
   H&E;H&E-NORMAL    GLOMERULUS        (115).jpg;65;13;-4;64;15;-4;60;18;-4 
   H&E;H&E-NORMAL    GLOMERULUS        (116).jpg;62;14;-5;62;15;-4;59;18;-4 
   H&E;H&E-NORMAL    GLOMERULUS        (117).jpg;60;16;-5;59;17;-4;57;18;-4 
   H&E;H&E-NORMAL    GLOMERULUS        (118).jpg;62;13;-4;61;16;-4;57;21;-4 
   H&E;H&E-NORMAL    GLOMERULUS        (234).jpg;67;25;-1;66;27;1;62;32;1 
   H&E;H&E-NORMAL    GLOMERULUS        (235).jpg;68;24;-1;67;26;1;61;35;1 
   H&E;H&E-NORMAL    GLOMERULUS        (236).jpg;67;32;1;66;35;2;64;39;1 
   H&E;H&E-NORMAL    GLOMERULUS        (237).jpg;59;22;-3;58;24;-1;54;27;0 
   H&E;H&E-NORMAL    GLOMERULUS        (238).jpg;68;26;-1;68;28;1;63;30;1 
   H&E;H&E-NORMAL    GLOMERULUS        (239).jpg;67;28;0;65;31;2;61;33;1 
   H&E;H&E-NORMAL    GLOMERULUS        (240).jpg;64;27;0;62;29;2;57;31;1 
   H&E;H&E-NORMAL    GLOMERULUS        (241).jpg;63;28;1;61;31;2;58;36;2 
   H&E;H&E-NORMAL    GLOMERULUS        (242).jpg;65;24;0;65;26;1;65;29;1 
   H&E;H&E-NORMAL    GLOMERULUS        (243).jpg;69;21;0;68;24;2;63;29;1 
   H&E;H&E-NORMAL    GLOMERULUS        (244).jpg;69;25;0;69;27;2;69;30;1 
   H&E;H&E-NORMAL    GLOMERULUS        (245).jpg;67;33;1;65;37;3;61;43;3 
   H&E;H&E-NORMAL    GLOMERULUS        (246).jpg;67;27;0;66;29;2;65;33;1 
   H&E;H&E-NORMAL    GLOMERULUS        (247).jpg;68;24;0;67;26;1;65;29;1 
   H&E;H&E-NORMAL    GLOMERULUS        (248).jpg;61;17;-3;62;19;0;82;5;3 
   H&E;H&E-NORMAL    GLOMERULUS        (249).jpg;66;27;-2;64;30;0;62;33;1 
   H&E;H&E-NORMAL    GLOMERULUS        (250).jpg;69;22;-3;67;26;-1;97;32;-4 
   H&E;H&E-NORMAL    GLOMERULUS        (251).jpg;61;19;-4;59;21;-3;57;22;-4 
   H&E;H&E-NORMAL    GLOMERULUS        (252).jpg;63;22;-10;58;27;-7;99;-1;-8 
   H&E;H&E-NORMAL    GLOMERULUS        (253).jpg;59;39;5;55;46;6;52;52;2 
   H&E;H&E-NORMAL    GLOMERULUS        (254).jpg;57;26;-1;54;30;1;49;37;2 
   H&E;H&E-NORMAL    GLOMERULUS        (255).jpg;47;30;-2;45;34;0;43;35;0 
   H&E;H&E-NORMAL    GLOMERULUS        (256).jpg;55;29;-5;54;32;-4;50;34;-4 
   H&E;H&E-NORMAL    GLOMERULUS        (257).jpg;68;21;-3;63;28;-2;100;-2;-1 
   H&E;H&E-NORMAL    GLOMERULUS        (258).jpg;56;27;-4;54;31;-2;49;35;-4 
   H&E;H&E-NORMAL    GLOMERULUS        (259).jpg;59;31;3;58;34;3;55;35;1 
   H&E;H&E-NORMAL    GLOMERULUS        (260).jpg;48;27;4;46;30;5;43;33;7 
   H&E;H&E-NORMAL    GLOMERULUS        (261).jpg;52;25;1;51;28;2;46;32;2 
   H&E;H&E-NORMAL    GLOMERULUS        (262).jpg;67;24;-7;63;29;-5;58;-1;-4 
   H&E;H&E-NORMAL    GLOMERULUS        (263).jpg;48;29;0;45;32;2;43;34;2 
   H&E;H&E-NORMAL    GLOMERULUS        (264).jpg;57;24;-6;52;27;-4;93;6;0 
   H&E;H&E-NORMAL    GLOMERULUS        (265).jpg;54;24;-1;51;27;2;84;6;3 
   H&E;H&E-NORMAL    GLOMERULUS        (266).jpg;62;24;-3;60;27;0;91;7;2 
   H&E;H&E-NORMAL    GLOMERULUS        (267).jpg;61;35;-1;62;37;2;59;45;1 
   H&E;H&E-NORMAL    GLOMERULUS        (268).jpg;54;39;-4;54;43;-2;53;50;-4 
   H&E;H&E-NORMAL    GLOMERULUS        (269).jpg;47;34;5;46;36;7;43;40;7 
   H&E;H&E-NORMAL    GLOMERULUS        (270).jpg;53;32;4;51;34;5;47;37;5 
   H&E;H&E-NORMAL    GLOMERULUS        (271).jpg;47;26;-4;49;28;-3;49;29;-4 
   H&E;H&E-NORMAL    GLOMERULUS        (272).jpg;44;28;4;43;32;4;39;38;2 
   H&E;H&E-NORMAL    GLOMERULUS        (273).jpg;60;48;9;59;53;12;57;61;13 
   H&E;H&E-NORMAL    GLOMERULUS        (274).jpg;61;46;9;59;53;11;56;61;12 
   H&E;H&E-NORMAL    GLOMERULUS        (275).jpg;43;20;0;44;21;2;44;26;2 
   H&E;H&E-NORMAL    GLOMERULUS        (276).jpg;48;17;-1;47;19;2;43;22;2 
   H&E;H&E-NORMAL    GLOMERULUS        (277).jpg;49;15;-3;48;17;0;43;17;2 
   H&E;H&E-NORMAL    GLOMERULUS        (278).jpg;58;17;0;56;21;2;51;25;2 
   H&E;H&E-NORMAL    GLOMERULUS        (279).jpg;41;39;-1;41;42;1;39;47;3 
   H&E;H&E-NORMAL    GLOMERULUS        (280).jpg;42;38;-2;42;41;1;40;47;2 
   H&E;H&E-NORMAL    GLOMERULUS        (69).jpg;63;25;1;62;28;1;59;31;1 
   H&E;H&E-NORMAL    GLOMERULUS        (70).jpg;65;23;0;63;26;1;60;27;1 
   H&E;H&E-NORMAL    GLOMERULUS        (71).jpg;58;23;1;57;25;2;56;26;2 
   H&E;H&E-NORMAL    GLOMERULUS        (72).jpg;56;24;1;56;26;2;55;26;3 
   H&E;H&E-NORMAL    GLOMERULUS        (73).jpg;58;23;1;57;25;2;56;26;3 
   H&E;H&E-NORMAL    GLOMERULUS        (74).jpg;57;24;2;56;26;3;55;26;3 
   H&E;H&E-NORMAL    GLOMERULUS        (75).jpg;56;25;2;55;27;3;54;30;3 
   H&E;H&E-NORMAL    GLOMERULUS        (76).jpg;59;21;1;58;24;2;56;26;3 
   H&E;H&E-NORMAL    GLOMERULUS        (77).jpg;59;21;1;59;23;2;56;23;3 
   H&E;H&E-NORMAL    GLOMERULUS        (78).jpg;59;25;2;57;27;3;56;30;3 
   H&E;H&E-NORMAL    GLOMERULUS        (79).jpg;58;26;2;57;29;3;56;30;6 
   H&E;H&E-NORMAL    GLOMERULUS        (80).jpg;62;21;0;60;24;1;57;26;2 
   H&E;H&E-NORMAL    GLOMERULUS        (81).jpg;62;21;0;61;24;1;59;26;1 
   H&E;H&E-NORMAL    GLOMERULUS        (82).jpg;61;22;0;60;25;1;57;27;1 
   H&E;H&E-NORMAL    GLOMERULUS        (83).jpg;58;26;1;56;29;2;56;31;3 
   H&E;H&E-NORMAL    GLOMERULUS        (84).jpg;60;25;1;59;28;2;58;30;3 
   H&E;H&E-NORMAL    GLOMERULUS        (85).jpg;60;24;0;58;27;1;56;30;2 
   H&E;H&E-NORMAL    GLOMERULUS        (86).jpg;60;24;0;58;27;1;56;30;1 
   H&E;H&E-NORMAL    GLOMERULUS        (87).jpg;61;23;0;59;26;1;57;27;2 
   H&E;H&E-NORMAL    GLOMERULUS        (88).jpg;59;25;0;58;27;1;57;27;1 
   H&E;H&E-NORMAL    GLOMERULUS        (89).jpg;59;25;0;58;27;1;56;30;1 
   H&E;H&E-NORMAL    GLOMERULUS        (90).jpg;68;22;-2;68;25;-1;66;27;1 
   H&E;H&E-NORMAL    GLOMERULUS        (91).jpg;68;21;-2;67;24;-1;63;27;0 
   H&E;H&E-NORMAL    GLOMERULUS        (92).jpg;61;24;-1;60;27;1;59;27;1 
   H&E;H&E-NORMAL    GLOMERULUS        (93).jpg;63;24;0;62;26;1;62;27;1 
   H&E;H&E-NORMAL    GLOMERULUS        (94).jpg;63;23;-1;61;26;0;59;27;1 
   H&E;H&E-NORMAL    GLOMERULUS        (95).jpg;63;23;-1;61;26;0;59;27;1 
   H&E;H&E-NORMAL    GLOMERULUS        (96).jpg;62;24;-1;61;27;0;59;27;1 
   H&E;H&E-NORMAL    GLOMERULUS        (97).jpg;64;22;-1;62;25;0;62;27;1 
   H&E;H&E-NORMAL    GLOMERULUS        (98).jpg;62;24;-1;61;26;0;60;27;1 
   H&E;H&E-NORMAL    GLOMERULUS        (99).jpg;62;24;-1;61;26;0;59;27;1 
   H&E;NORMAL    GLOMERULUS    -    AZAN    (1).jpg;56;20;-10;53;21;-8;48;22;-4 
   H&E;NORMAL    GLOMERULUS    -    AZAN    (2).jpg;53;22;-9;49;25;-7;44;30;-8 
   H&E;NORMAL    GLOMERULUS    -    AZAN    (3).jpg;56;21;-9;52;24;-8;46;28;-8 
   PAMS;PAMS-GLOMERULAR    SCLEROSIS    GLOMERULUS    (1).jpg;71;5;10;83;6;14;85;6;14 
   PAMS;PAMS-GLOMERULAR    SCLEROSIS    GLOMERULUS    (10).jpg;47;1;-6;41;1;-6;100;0;-7 
   PAMS;PAMS-GLOMERULAR    SCLEROSIS    GLOMERULUS    (11).jpg;48;1;-6;42;1;-6;100;0;-7 
   PAMS;PAMS-GLOMERULAR    SCLEROSIS    GLOMERULUS    (12).jpg;63;1;-6;68;1;-4;100;0;0 
   PAMS;PAMS-GLOMERULAR    SCLEROSIS    GLOMERULUS    (13).jpg;54;5;-8;44;5;-8;100;0;0 
   PAMS;PAMS-GLOMERULAR    SCLEROSIS    GLOMERULUS    (14).jpg;57;3;-7;51;3;-7;100;0;0 
   PAMS;PAMS-GLOMERULAR    SCLEROSIS    GLOMERULUS    (15).jpg;51;2;-7;44;3;-7;99;-1;-7 
   PAMS;PAMS-GLOMERULAR    SCLEROSIS    GLOMERULUS    (16).jpg;64;0;-4;78;0;-1;100;0;0 
   PAMS;PAMS-GLOMERULAR    SCLEROSIS    GLOMERULUS    (17).jpg;59;0;-4;69;0;-3;100;0;0 
   PAMS;PAMS-GLOMERULAR    SCLEROSIS    GLOMERULUS    (18).jpg;63;-1;1;75;-2;4;88;-3;6 
   PAMS;PAMS-GLOMERULAR    SCLEROSIS    GLOMERULUS    (19).jpg;48;0;-2;57;1;-1;8;0;2 
   PAMS;PAMS-GLOMERULAR    SCLEROSIS    GLOMERULUS    (2).jpg;77;6;10;89;6;12;92;7;12 
   PAMS;PAMS-GLOMERULAR    SCLEROSIS    GLOMERULUS    (20).jpg;50;0;-2;59;0;0;81;-1;1 
   PAMS;PAMS-GLOMERULAR    SCLEROSIS    GLOMERULUS    (21).jpg;63;1;-5;73;1;-3;100;-1;0 
   PAMS;PAMS-GLOMERULAR    SCLEROSIS    GLOMERULUS    (22).jpg;60;0;-3;76;-1;0;87;-2;1 
   PAMS;PAMS-GLOMERULAR    SCLEROSIS    GLOMERULUS    (23).jpg;61;0;-3;76;0;-1;85;-2;0 
   PAMS;PAMS-GLOMERULAR    SCLEROSIS    GLOMERULUS    (24).jpg;44;1;-2;42;2;-2;9;0;-4 
   PAMS;PAMS-GLOMERULAR    SCLEROSIS    GLOMERULUS    (25).jpg;61;0;-3;70;0;-1;97;-2;0 
   PAMS;PAMS-GLOMERULAR    SCLEROSIS    GLOMERULUS    (26).jpg;58;0;5;75;0;10;90;-1;11 
   PAMS;PAMS-GLOMERULAR    SCLEROSIS    GLOMERULUS    (27).jpg;69;2;-3;87;0;0;100;0;0 
   PAMS;PAMS-GLOMERULAR    SCLEROSIS    GLOMERULUS    (28).jpg;65;2;-3;81;1;0;100;0;0 
   PAMS;PAMS-GLOMERULAR    SCLEROSIS    GLOMERULUS    (29).jpg;65;2;-3;83;1;0;100;0;0 
   PAMS;PAMS-GLOMERULAR    SCLEROSIS    GLOMERULUS    (3).jpg;67;5;8;80;6;11;86;6;14 
   PAMS;PAMS-GLOMERULAR    SCLEROSIS    GLOMERULUS    (30).jpg;65;2;-3;87;0;0;100;0;0 
   PAMS;PAMS-GLOMERULAR    SCLEROSIS    GLOMERULUS    (31).jpg;55;2;-2;65;2;-1;100;0;0 
   PAMS;PAMS-GLOMERULAR    SCLEROSIS    GLOMERULUS    (32).jpg;52;2;-2;57;2;-1;100;1;2 
   PAMS;PAMS-GLOMERULAR    SCLEROSIS    GLOMERULUS    (33).jpg;51;2;1;62;2;3;76;3;6 
   PAMS;PAMS-GLOMERULAR    SCLEROSIS    GLOMERULUS    (34).jpg;46;2;1;49;2;2;82;2;6 
   PAMS;PAMS-GLOMERULAR    SCLEROSIS    GLOMERULUS    (35).jpg;48;2;1;56;2;3;4;2;6 
   PAMS;PAMS-GLOMERULAR    SCLEROSIS    GLOMERULUS    (36).jpg;55;2;-2;61;3;0;92;1;6 
   PAMS;PAMS-GLOMERULAR    SCLEROSIS    GLOMERULUS    (37).jpg;64;1;0;80;1;3;93;-2;6 
   PAMS;PAMS-GLOMERULAR    SCLEROSIS    GLOMERULUS    (38).jpg;57;1;-2;68;2;0;99;2;2 
   PAMS;PAMS-GLOMERULAR    SCLEROSIS    GLOMERULUS    (39).jpg;50;3;-1;57;3;1;82;2;2 
   PAMS;PAMS-GLOMERULAR    SCLEROSIS    GLOMERULUS    (4).jpg;66;5;8;81;6;12;86;6;14 
   PAMS;PAMS-GLOMERULAR    SCLEROSIS    GLOMERULUS    (40).jpg;67;2;-2;80;0;0;100;0;0 
   PAMS;PAMS-GLOMERULAR    SCLEROSIS    GLOMERULUS    (41).jpg;73;1;-2;91;0;1;100;0;0 
   PAMS;PAMS-GLOMERULAR    SCLEROSIS    GLOMERULUS    (42).jpg;59;1;0;74;1;2;90;1;6 
   PAMS;PAMS-GLOMERULAR    SCLEROSIS    GLOMERULUS    (43).jpg;63;1;0;81;1;2;91;-1;6 
   PAMS;PAMS-GLOMERULAR    SCLEROSIS    GLOMERULUS    (44).jpg;57;4;-2;63;4;-1;93;1;6 
   PAMS;PAMS-GLOMERULAR    SCLEROSIS    GLOMERULUS    (45).jpg;66;4;1;80;3;2;97;3;6 
   PAMS;PAMS-GLOMERULAR    SCLEROSIS    GLOMERULUS    (46).jpg;71;2;-1;87;1;1;97;-1;2 
   PAMS;PAMS-GLOMERULAR    SCLEROSIS    GLOMERULUS    (47).jpg;64;1;1;85;1;3;89;1;6 
   PAMS;PAMS-GLOMERULAR    SCLEROSIS    GLOMERULUS    (48).jpg;63;1;1;83;1;3;88;1;6 
   PAMS;PAMS-GLOMERULAR    SCLEROSIS    GLOMERULUS    (49).jpg;65;1;1;84;1;3;89;1;6 
   PAMS;PAMS-GLOMERULAR    SCLEROSIS    GLOMERULUS    (5).jpg;64;5;8;81;6;12;86;6;14 
   PAMS;PAMS-GLOMERULAR    SCLEROSIS    GLOMERULUS    (50).jpg;77;2;0;91;1;3;96;-1;6 
   PAMS;PAMS-GLOMERULAR    SCLEROSIS    GLOMERULUS    (51).jpg;73;4;0;90;3;3;96;3;6 
   PAMS;PAMS-GLOMERULAR    SCLEROSIS    GLOMERULUS    (52).jpg;71;3;1;91;2;5;96;1;6 
   PAMS;PAMS-GLOMERULAR    SCLEROSIS    GLOMERULUS    (53).jpg;72;3;1;92;2;4;99;-2;6 
   PAMS;PAMS-GLOMERULAR    SCLEROSIS    GLOMERULUS    (54).jpg;72;4;4;85;4;7;91;3;9 
   PAMS;PAMS-GLOMERULAR    SCLEROSIS    GLOMERULUS    (55).jpg;68;4;3;84;4;6;93;3;6 
   PAMS;PAMS-GLOMERULAR    SCLEROSIS    GLOMERULUS    (56).jpg;58;5;3;75;5;5;89;5;6 
   PAMS;PAMS-GLOMERULAR    SCLEROSIS    GLOMERULUS    (57).jpg;61;5;3;81;5;6;89;3;6 
   PAMS;PAMS-GLOMERULAR    SCLEROSIS    GLOMERULUS    (58).jpg;53;7;2;54;6;3;90;4;6 
   PAMS;PAMS-GLOMERULAR    SCLEROSIS    GLOMERULUS    (59).jpg;60;6;2;73;6;5;88;6;6 
   PAMS;PAMS-GLOMERULAR    SCLEROSIS    GLOMERULUS    (6).jpg;45;9;11;43;9;10;82;10;1 
   PAMS;PAMS-GLOMERULAR    SCLEROSIS    GLOMERULUS    (60).jpg;51;7;1;54;7;2;65;8;2 
   PAMS;PAMS-GLOMERULAR    SCLEROSIS    GLOMERULUS    (61).jpg;62;4;2;74;4;4;96;3;6 
   PAMS;PAMS-GLOMERULAR    SCLEROSIS    GLOMERULUS    (62).jpg;76;5;3;88;4;6;95;3;6 
   PAMS;PAMS-GLOMERULAR    SCLEROSIS    GLOMERULUS    (63).jpg;78;5;4;90;4;6;95;3;6 
   PAMS;PAMS-GLOMERULAR    SCLEROSIS    GLOMERULUS    (64).jpg;61;4;4;71;5;6;87;5;6 
   PAMS;PAMS-GLOMERULAR    SCLEROSIS    GLOMERULUS    (65).jpg;66;5;4;77;5;6;87;5;6 
   PAMS;PAMS-GLOMERULAR    SCLEROSIS    GLOMERULUS    (66).jpg;59;6;3;68;6;5;86;5;7 
   PAMS;PAMS-GLOMERULAR    SCLEROSIS    GLOMERULUS    (67).jpg;48;3;4;53;4;6;4;3;9 
   PAMS;PAMS-GLOMERULAR    SCLEROSIS    GLOMERULUS    (68).jpg;52;3;4;64;4;6;4;4;10 
   PAMS;PAMS-GLOMERULAR    SCLEROSIS    GLOMERULUS    (69).jpg;54;4;5;70;5;7;4;6;10 
   PAMS;PAMS-GLOMERULAR    SCLEROSIS    GLOMERULUS    (7).jpg;62;5;5;75;6;7;99;8;9 
   PAMS;PAMS-GLOMERULAR    SCLEROSIS    GLOMERULUS    (70).jpg;51;3;4;62;4;6;4;4;10 
   PAMS;PAMS-GLOMERULAR    SCLEROSIS    GLOMERULUS    (71).jpg;52;4;4;64;4;6;81;6;10 
   PAMS;PAMS-GLOMERULAR    SCLEROSIS    GLOMERULUS    (72).jpg;56;7;4;62;7;5;88;8;10 
   PAMS;PAMS-GLOMERULAR    SCLEROSIS    GLOMERULUS    (73).jpg;55;7;4;61;7;5;88;8;10 
   PAMS;PAMS-GLOMERULAR    SCLEROSIS    GLOMERULUS    (74).jpg;50;7;3;54;7;4;6;8;6 
   PAMS;PAMS-GLOMERULAR    SCLEROSIS    GLOMERULUS    (75).jpg;49;6;3;54;7;4;4;8;10 
   PAMS;PAMS-GLOMERULAR    SCLEROSIS    GLOMERULUS    (76).jpg;67;8;7;72;8;9;81;8;10 
   PAMS;PAMS-GLOMERULAR    SCLEROSIS    GLOMERULUS    (77).jpg;70;8;8;78;7;10;83;7;10 
   PAMS;PAMS-GLOMERULAR    SCLEROSIS    GLOMERULUS    (78).jpg;58;4;5;76;4;8;88;4;11 
   PAMS;PAMS-GLOMERULAR    SCLEROSIS    GLOMERULUS    (79).jpg;65;7;5;71;7;7;89;8;10 
   PAMS;PAMS-GLOMERULAR    SCLEROSIS    GLOMERULUS    (8).jpg;59;2;-6;69;1;-3;100;0;0 
   PAMS;PAMS-GLOMERULAR    SCLEROSIS    GLOMERULUS    (80).jpg;49;6;2;52;6;3;6;4;-4 
   PAMS;PAMS-GLOMERULAR    SCLEROSIS    GLOMERULUS    (81).jpg;64;6;6;78;7;9;83;7;10 
   PAMS;PAMS-GLOMERULAR    SCLEROSIS    GLOMERULUS    (82).jpg;67;6;4;81;5;7;95;4;10 
   PAMS;PAMS-GLOMERULAR    SCLEROSIS    GLOMERULUS    (83).jpg;59;6;3;69;6;6;92;4;9 
   PAMS;PAMS-GLOMERULAR    SCLEROSIS    GLOMERULUS    (84).jpg;54;5;6;67;6;9;83;6;10 
   PAMS;PAMS-GLOMERULAR    SCLEROSIS    GLOMERULUS    (85).jpg;56;6;5;69;6;8;83;6;10 
   PAMS;PAMS-GLOMERULAR    SCLEROSIS    GLOMERULUS    (86).jpg;51;4;6;62;5;8;4;6;9 
   PAMS;PAMS-GLOMERULAR    SCLEROSIS    GLOMERULUS    (87).jpg;57;5;5;62;6;6;91;7;14 
   PAMS;PAMS-GLOMERULAR    SCLEROSIS    GLOMERULUS    (88).jpg;67;6;7;81;6;10;88;7;14 
   PAMS;PAMS-GLOMERULAR    SCLEROSIS    GLOMERULUS    (89).jpg;64;6;7;75;6;10;86;6;14 
   PAMS;PAMS-GLOMERULAR    SCLEROSIS    GLOMERULUS    (9).jpg;55;5;1;59;5;2;87;5;6 
   PAMS;PAMS-GLOMERULAR    SCLEROSIS    GLOMERULUS    (90).jpg;52;5;4;60;5;6;86;6;12 
   PAMS;PAMS-GLOMERULAR    SCLEROSIS    GLOMERULUS    (91).jpg;32;3;3;19;3;0;3;1;-2 
   PAMS;PAMS-GLOMERULAR    SCLEROSIS    GLOMERULUS    (92).jpg;35;3;3;29;3;2;3;0;-1 
   PAMS;PAMS-GLOMERULAR    SCLEROSIS    GLOMERULUS    (93).jpg;72;4;8;88;4;12;92;3;14 
   PAMS;PAMS-MEMBRANOUS    (1).jpg;57;1;-2;64;0;0;71;-1;1 
   PAMS;PAMS-MEMBRANOUS    (2).jpg;70;0;3;75;-1;5;82;-3;6 
   PAMS;PAMS-MEMBRANOUS    (23).jpg;59;-2;-4;68;-1;-2;98;-10;4 
   PAMS;PAMS-MEMBRANOUS    (24).jpg;56;-2;-4;59;-2;-3;96;-10;4 
   PAMS;PAMS-MEMBRANOUS    (25).jpg;59;0;-3;72;-2;0;81;-5;3 
   PAMS;PAMS-MEMBRANOUS    (26).jpg;61;-1;-3;75;-2;0;83;-5;3 
   PAMS;PAMS-MEMBRANOUS    (27).jpg;65;-1;-3;78;-2;0;82;-4;3 
   PAMS;PAMS-MEMBRANOUS    (28).jpg;50;1;-4;66;-1;-1;74;-1;0 
   PAMS;PAMS-MEMBRANOUS    (29).jpg;54;1;-3;68;-1;-1;75;-1;0 
   PAMS;PAMS-MEMBRANOUS    (3).jpg;62;0;-1;67;-1;0;71;-1;1 
   PAMS;PAMS-MEMBRANOUS    (30).jpg;53;0;-3;68;-1;-1;73;-1;0 
   PAMS;PAMS-MEMBRANOUS    (31).jpg;69;-2;3;84;-4;7;91;-8;9 
   PAMS;PAMS-MEMBRANOUS    (32).jpg;62;1;3;77;0;6;83;1;6 
   PAMS;PAMS-MEMBRANOUS    (33).jpg;57;-1;0;71;-3;3;89;-5;7 
   PAMS;PAMS-MEMBRANOUS    (34).jpg;55;-1;0;70;-2;3;86;-3;7 
   PAMS;PAMS-MEMBRANOUS    (35).jpg;61;0;2;75;-1;4;86;-3;7 
   PAMS;PAMS-MEMBRANOUS    (36).jpg;58;0;1;74;-2;4;84;-3;6 
   PAMS;PAMS-MEMBRANOUS    (4).jpg;62;-1;-2;73;-3;1;87;-7;3 
   PAMS;PAMS-MEMBRANOUS    (5).jpg;74;-3;4;82;-4;6;95;-8;11 
   PAMS;PAMS-MEMBRANOUS    (6).jpg;60;-1;-2;73;-2;0;81;-5;3 
   PAMS;PAMS-MEMBRANOUS    (7).jpg;61;0;1;73;-2;5;85;-3;7 
   PAMS;PAMS-NORMAL    GLOMERULUS    (1).jpg;68;4;0;84;5;2;94;5;2 
   PAMS;PAMS-NORMAL    GLOMERULUS    (1).TIF;70;5;0;76;6;1;79;5;1 
   PAMS;PAMS-NORMAL    GLOMERULUS    (10).jpg;68;4;4;76;4;5;78;4;6 
   PAMS;PAMS-NORMAL    GLOMERULUS    (11).jpg;73;0;4;81;-1;6;82;-2;6 
   PAMS;PAMS-NORMAL    GLOMERULUS    (12).jpg;72;0;4;81;-1;6;84;-2;6 
   PAMS;PAMS-NORMAL    GLOMERULUS    (13).jpg;72;0;4;81;-1;6;83;-2;6 
   PAMS;PAMS-NORMAL    GLOMERULUS    (14).jpg;71;6;8;84;6;11;92;6;14 
   PAMS;PAMS-NORMAL    GLOMERULUS    (15).jpg;57;5;6;73;5;10;89;5;14 
   PAMS;PAMS-NORMAL    GLOMERULUS    (16).jpg;71;6;9;80;6;12;84;6;12 
   PAMS;PAMS-NORMAL    GLOMERULUS    (17).jpg;66;6;8;78;6;11;83;6;12 
   PAMS;PAMS-NORMAL    GLOMERULUS    (18).jpg;59;4;7;74;4;11;79;4;11 
   PAMS;PAMS-NORMAL    GLOMERULUS    (19).jpg;71;5;7;84;5;10;85;5;10 
   PAMS;PAMS-NORMAL    GLOMERULUS    (2).jpg;63;5;3;72;5;4;77;4;6 
   PAMS;PAMS-NORMAL    GLOMERULUS    (20).jpg;57;3;2;75;3;7;81;4;10 
   PAMS;PAMS-NORMAL    GLOMERULUS    (21).jpg;73;5;7;85;5;9;86;5;10 
   PAMS;PAMS-NORMAL    GLOMERULUS    (22).jpg;67;6;4;79;6;6;92;4;9 
   PAMS;PAMS-NORMAL    GLOMERULUS    (23).jpg;76;7;7;84;7;9;90;8;10 
   PAMS;PAMS-NORMAL    GLOMERULUS    (24).jpg;61;4;6;80;4;9;94;4;9 
   PAMS;PAMS-NORMAL    GLOMERULUS    (25).jpg;67;6;3;75;6;6;86;6;8 
   PAMS;PAMS-NORMAL    GLOMERULUS    (26).jpg;58;5;4;72;5;7;83;4;9 
   PAMS;PAMS-NORMAL    GLOMERULUS    (27).jpg;49;6;1;47;7;2;90;7;2 
   PAMS;PAMS-NORMAL    GLOMERULUS    (28).jpg;51;5;1;55;6;2;91;6;6 
   PAMS;PAMS-NORMAL    GLOMERULUS    (29).jpg;71;5;0;86;4;1;100;0;0 
   PAMS;PAMS-NORMAL    GLOMERULUS    (3).jpg;64;5;4;72;4;4;78;3;6 
   PAMS;PAMS-NORMAL    GLOMERULUS    (30).jpg;70;6;4;83;6;7;88;5;8 
   PAMS;PAMS-NORMAL    GLOMERULUS    (31).jpg;70;4;3;84;3;5;99;3;6 
   PAMS;PAMS-NORMAL    GLOMERULUS    (32).jpg;72;5;4;88;4;7;92;3;9 
   PAMS;PAMS-NORMAL    GLOMERULUS    (33).jpg;59;4;2;77;3;5;81;3;6 
   PAMS;PAMS-NORMAL    GLOMERULUS    (34).jpg;68;-3;0;85;-4;3;98;-7;7 
   PAMS;PAMS-NORMAL    GLOMERULUS    (35).jpg;67;0;-5;83;0;-3;100;0;0 
   PAMS;PAMS-NORMAL    GLOMERULUS    (4).jpg;63;5;4;71;5;4;77;4;6 
   PAMS;PAMS-NORMAL    GLOMERULUS    (5).jpg;63;5;3;71;4;4;78;3;6 
   PAMS;PAMS-NORMAL    GLOMERULUS    (6).jpg;62;5;3;71;5;4;77;4;6 
   PAMS;PAMS-NORMAL    GLOMERULUS    (7).jpg;63;6;5;69;6;6;75;6;6 
   PAMS;PAMS-NORMAL    GLOMERULUS    (8).jpg;70;4;4;77;4;5;78;4;6 
   PAMS;PAMS-NORMAL    GLOMERULUS    (9).jpg;69;4;4;77;4;5;80;3;6 
   PAS;PAS-GLOMERULAR    SCLEROSIS    GLOMERULUS    (1).jpg;63;24;8;65;24;8;81;11;23 
   PAS;PAS-GLOMERULAR    SCLEROSIS    GLOMERULUS    (10).jpg;45;17;-9;46;17;-8;44;12;-8 
   PAS;PAS-GLOMERULAR    SCLEROSIS    GLOMERULUS    (11).jpg;46;16;-9;47;16;-8;53;18;-8 
   PAS;PAS-GLOMERULAR    SCLEROSIS    GLOMERULUS    (12).jpg;46;17;-9;46;17;-8;42;15;-8 
   PAS;PAS-GLOMERULAR    SCLEROSIS    GLOMERULUS    (13).jpg;47;15;-8;47;15;-8;53;10;-8 
   PAS;PAS-GLOMERULAR    SCLEROSIS    GLOMERULUS    (14).jpg;49;15;-8;50;15;-7;55;8;-8 
   PAS;PAS-GLOMERULAR    SCLEROSIS    GLOMERULUS    (141).jpg;50;17;-5;49;17;-4;52;16;-4 
   PAS;PAS-GLOMERULAR    SCLEROSIS    GLOMERULUS    (142).jpg;57;18;-8;56;18;-9;60;16;-8 
   PAS;PAS-GLOMERULAR    SCLEROSIS    GLOMERULUS    (143).jpg;55;14;-4;56;14;-4;56;13;-4 
   PAS;PAS-GLOMERULAR    SCLEROSIS    GLOMERULUS    (144).jpg;61;18;-8;60;19;-8;60;21;-8 
   PAS;PAS-GLOMERULAR    SCLEROSIS    GLOMERULUS    (145).jpg;60;17;-9;60;17;-8;63;16;-8 
   PAS;PAS-GLOMERULAR    SCLEROSIS    GLOMERULUS    (146).jpg;67;12;-9;67;12;-8;67;13;-8 
   PAS;PAS-GLOMERULAR    SCLEROSIS    GLOMERULUS    (147).jpg;65;12;-6;65;12;-6;66;13;-8 
   PAS;PAS-GLOMERULAR    SCLEROSIS    GLOMERULUS    (148).jpg;62;18;2;61;18;2;54;8;1 
   PAS;PAS-GLOMERULAR    SCLEROSIS    GLOMERULUS    (149).jpg;65;17;3;65;16;3;59;11;1 
   PAS;PAS-GLOMERULAR    SCLEROSIS    GLOMERULUS    (15).jpg;48;15;-6;49;14;-6;68;2;-4 
   PAS;PAS-GLOMERULAR    SCLEROSIS    GLOMERULUS    (150).jpg;63;18;2;62;19;2;54;12;1 
   PAS;PAS-GLOMERULAR    SCLEROSIS    GLOMERULUS    (151).jpg;64;17;3;65;17;3;66;8;5 
   PAS;PAS-GLOMERULAR    SCLEROSIS    GLOMERULUS    (152).jpg;63;19;3;64;18;3;63;7;1 
   PAS;PAS-GLOMERULAR    SCLEROSIS    GLOMERULUS    (153).jpg;63;19;3;63;19;4;66;8;1 
   PAS;PAS-GLOMERULAR    SCLEROSIS    GLOMERULUS    (154).jpg;71;18;3;72;18;4;74;12;5 
   PAS;PAS-GLOMERULAR    SCLEROSIS    GLOMERULUS    (155).jpg;68;19;-1;69;18;-1;70;14;-4 
   PAS;PAS-GLOMERULAR    SCLEROSIS    GLOMERULUS    (156).jpg;50;23;-4;49;25;-4;47;28;-4 
   PAS;PAS-GLOMERULAR    SCLEROSIS    GLOMERULUS    (157).jpg;52;21;-2;49;22;-4;82;8;-4 
   PAS;PAS-GLOMERULAR    SCLEROSIS    GLOMERULUS    (158).jpg;68;18;3;67;18;3;65;19;1 
   PAS;PAS-GLOMERULAR    SCLEROSIS    GLOMERULUS    (159).jpg;69;17;4;69;16;4;69;12;5 
   PAS;PAS-GLOMERULAR    SCLEROSIS    GLOMERULUS    (16).jpg;65;16;-6;67;15;-4;78;7;2 
   PAS;PAS-GLOMERULAR    SCLEROSIS    GLOMERULUS    (160).jpg;69;18;3;69;18;3;66;12;1 
   PAS;PAS-GLOMERULAR    SCLEROSIS    GLOMERULUS    (161).jpg;66;19;0;66;19;1;65;19;1 
   PAS;PAS-GLOMERULAR    SCLEROSIS    GLOMERULUS    (162).jpg;66;19;0;66;19;1;65;19;1 
   PAS;PAS-GLOMERULAR    SCLEROSIS    GLOMERULUS    (163).jpg;66;14;-2;68;15;0;68;16;1 
   PAS;PAS-GLOMERULAR    SCLEROSIS    GLOMERULUS    (164).jpg;77;14;3;76;14;3;92;7;1 
   PAS;PAS-GLOMERULAR    SCLEROSIS    GLOMERULUS    (165).jpg;69;16;3;70;16;4;70;16;5 
   PAS;PAS-GLOMERULAR    SCLEROSIS    GLOMERULUS    (166).jpg;70;14;4;70;14;5;85;8;5 
   PAS;PAS-GLOMERULAR    SCLEROSIS    GLOMERULUS    (167).jpg;72;15;3;72;15;4;89;8;1 
   PAS;PAS-GLOMERULAR    SCLEROSIS    GLOMERULUS    (168).jpg;57;16;-5;57;16;-5;54;13;-8 
   PAS;PAS-GLOMERULAR    SCLEROSIS    GLOMERULUS    (169).jpg;54;18;-6;54;18;-7;57;20;-8 
   PAS;PAS-GLOMERULAR    SCLEROSIS    GLOMERULUS    (17).jpg;57;22;-11;57;21;-11;56;16;-12 
   PAS;PAS-GLOMERULAR    SCLEROSIS    GLOMERULUS    (170).jpg;55;18;-6;54;19;-6;46;21;-8 
   PAS;PAS-GLOMERULAR    SCLEROSIS    GLOMERULUS    (171).jpg;58;16;-5;59;16;-5;59;13;-8 
   PAS;PAS-GLOMERULAR    SCLEROSIS    GLOMERULUS    (172).jpg;54;18;-6;54;19;-7;57;20;-8 
   PAS;PAS-GLOMERULAR    SCLEROSIS    GLOMERULUS    (173).jpg;59;15;-4;59;16;-4;81;1;-8 
   PAS;PAS-GLOMERULAR    SCLEROSIS    GLOMERULUS    (174).jpg;51;17;-6;51;17;-6;55;16;-4 
   PAS;PAS-GLOMERULAR    SCLEROSIS    GLOMERULUS    (175).jpg;52;17;-6;52;17;-6;54;16;-4 
   PAS;PAS-GLOMERULAR    SCLEROSIS    GLOMERULUS    (176).jpg;50;20;-6;50;21;-6;50;23;-4 
   PAS;PAS-GLOMERULAR    SCLEROSIS    GLOMERULUS    (177).jpg;52;19;-6;52;20;-5;52;13;-4 
   PAS;PAS-GLOMERULAR    SCLEROSIS    GLOMERULUS    (178).jpg;65;15;-8;66;15;-7;67;14;-8 
   PAS;PAS-GLOMERULAR    SCLEROSIS    GLOMERULUS    (179).jpg;64;16;-8;64;17;-8;65;17;-8 
   PAS;PAS-GLOMERULAR    SCLEROSIS    GLOMERULUS    (18).jpg;51;18;-3;49;19;-4;70;5;-8 
   PAS;PAS-GLOMERULAR    SCLEROSIS    GLOMERULUS    (19).jpg;66;17;-7;67;16;-6;87;6;-8 
   PAS;PAS-GLOMERULAR    SCLEROSIS    GLOMERULUS    (2).jpg;61;9;-7;62;8;-7;63;8;-8 
   PAS;PAS-GLOMERULAR    SCLEROSIS    GLOMERULUS    (20).jpg;59;17;-7;59;17;-6;60;18;-4 
   PAS;PAS-GLOMERULAR    SCLEROSIS    GLOMERULUS    (21).jpg;49;15;-3;48;16;-3;47;19;-4 
   PAS;PAS-GLOMERULAR    SCLEROSIS    GLOMERULUS    (22).jpg;63;23;-12;60;24;-13;48;-2;-12 
   PAS;PAS-GLOMERULAR    SCLEROSIS    GLOMERULUS    (23).jpg;68;21;-14;66;22;-15;100;0;-17 
   PAS;PAS-GLOMERULAR    SCLEROSIS    GLOMERULUS    (24).jpg;60;18;-12;61;16;-12;64;13;-18 
   PAS;PAS-GLOMERULAR    SCLEROSIS    GLOMERULUS    (25).jpg;74;13;-9;73;14;-10;97;-4;-12 
   PAS;PAS-GLOMERULAR    SCLEROSIS    GLOMERULUS    (26).jpg;61;12;-11;59;12;-11;59;-1;0 
   PAS;PAS-GLOMERULAR    SCLEROSIS    GLOMERULUS    (27).jpg;67;15;-13;67;14;-12;71;11;-12 
   PAS;PAS-GLOMERULAR    SCLEROSIS    GLOMERULUS    (28).jpg;69;14;-12;69;13;-12;71;11;-12 
   PAS;PAS-GLOMERULAR    SCLEROSIS    GLOMERULUS    (29).jpg;69;14;-12;70;14;-12;70;13;-12 
   PAS;PAS-GLOMERULAR    SCLEROSIS    GLOMERULUS    (3).jpg;62;30;4;62;29;4;67;24;2 
   PAS;PAS-GLOMERULAR    SCLEROSIS    GLOMERULUS    (30).jpg;66;16;-14;66;15;-14;70;11;-18 
   PAS;PAS-GLOMERULAR    SCLEROSIS    GLOMERULUS    (31).jpg;70;14;-12;71;12;-12;74;9;-11 
   PAS;PAS-GLOMERULAR    SCLEROSIS    GLOMERULUS    (32).jpg;64;17;-13;64;17;-14;59;-2;-18 
   PAS;PAS-GLOMERULAR    SCLEROSIS    GLOMERULUS    (33).jpg;66;12;-13;66;12;-13;69;-1;-1 
   PAS;PAS-GLOMERULAR    SCLEROSIS    GLOMERULUS    (34).jpg;60;12;-11;60;12;-11;61;8;-12 
   PAS;PAS-GLOMERULAR    SCLEROSIS    GLOMERULUS    (35).jpg;52;17;-13;51;17;-14;44;15;-18 
   PAS;PAS-GLOMERULAR    SCLEROSIS    GLOMERULUS    (36).jpg;52;17;-14;51;17;-14;42;11;-12 
   PAS;PAS-GLOMERULAR    SCLEROSIS    GLOMERULUS    (37).jpg;65;16;-17;65;16;-17;68;15;-17 
   PAS;PAS-GLOMERULAR    SCLEROSIS    GLOMERULUS    (38).jpg;66;18;-19;66;18;-20;100;15;-22 
   PAS;PAS-GLOMERULAR    SCLEROSIS    GLOMERULUS    (39).jpg;56;15;-11;56;17;-11;57;18;-10 
   PAS;PAS-GLOMERULAR    SCLEROSIS    GLOMERULUS    (4).jpg;64;13;-8;65;13;-7;66;13;-8 
   PAS;PAS-GLOMERULAR    SCLEROSIS    GLOMERULUS    (40).jpg;55;15;-11;55;15;-11;56;11;-8 
   PAS;PAS-GLOMERULAR    SCLEROSIS    GLOMERULUS    (41).jpg;73;7;-5;74;7;-4;76;5;-3 
   PAS;PAS-GLOMERULAR    SCLEROSIS    GLOMERULUS    (42).jpg;76;14;-11;78;14;-11;100;0;-12 
   PAS;PAS-GLOMERULAR    SCLEROSIS    GLOMERULUS    (43).jpg;64;14;-9;63;15;-9;66;13;-8 
   PAS;PAS-GLOMERULAR    SCLEROSIS    GLOMERULUS    (44).jpg;61;15;-10;61;14;-11;61;9;-8 
   PAS;PAS-GLOMERULAR    SCLEROSIS    GLOMERULUS    (45).jpg;72;14;-7;73;14;-7;79;11;-8 
   PAS;PAS-GLOMERULAR    SCLEROSIS    GLOMERULUS    (46).jpg;74;12;-7;76;12;-6;79;11;-3 
   PAS;PAS-GLOMERULAR    SCLEROSIS    GLOMERULUS    (47).jpg;77;12;-5;78;12;-5;79;11;-3 
   PAS;PAS-GLOMERULAR    SCLEROSIS    GLOMERULUS    (48).jpg;84;13;-10;85;14;-10;100;0;0 
   PAS;PAS-GLOMERULAR    SCLEROSIS    GLOMERULUS    (49).jpg;73;13;-7;74;14;-6;73;11;-8 
   PAS;PAS-GLOMERULAR    SCLEROSIS    GLOMERULUS    (5).jpg;49;12;-10;47;13;-11;42;10;-13 
   PAS;PAS-GLOMERULAR    SCLEROSIS    GLOMERULUS    (50).jpg;73;14;-7;73;14;-6;76;11;-8 
   PAS;PAS-GLOMERULAR    SCLEROSIS    GLOMERULUS    (6).jpg;80;17;-15;82;17;-16;100;0;-17 
   PAS;PAS-GLOMERULAR    SCLEROSIS    GLOMERULUS    (7).jpg;62;19;-20;60;20;-20;54;19;-21 
   PAS;PAS-GLOMERULAR    SCLEROSIS    GLOMERULUS    (8).jpg;38;16;-5;38;17;-4;34;17;-4 
   PAS;PAS-GLOMERULAR    SCLEROSIS    GLOMERULUS    (9).jpg;43;12;-3;43;13;-2;57;-1;7 
   PAS;PAS-NORMAL    GLOMERULUS    (1).jpg;44;14;2;46;14;2;48;12;2 
   PAS;PAS-NORMAL    GLOMERULUS    (1).TIF;63;16;-8;64;16;-8;78;6;1 
   PAS;PAS-NORMAL    GLOMERULUS    (100).jpg;68;10;-6;69;10;-6;70;9;-3 
   PAS;PAS-NORMAL    GLOMERULUS    (101).jpg;74;7;-10;75;7;-9;93;-6;-7 
   PAS;PAS-NORMAL    GLOMERULUS    (102).jpg;76;7;-8;78;7;-7;80;5;-7 
   PAS;PAS-NORMAL    GLOMERULUS    (103).jpg;59;8;-6;60;8;-4;61;8;-3 
   PAS;PAS-NORMAL    GLOMERULUS    (104).jpg;63;9;-6;64;8;-5;66;5;-3 
   PAS;PAS-NORMAL    GLOMERULUS    (105).jpg;67;21;-13;67;21;-12;70;17;-12 
   PAS;PAS-NORMAL    GLOMERULUS    (106).jpg;63;19;-10;64;18;-8;67;14;-8 
   PAS;PAS-NORMAL    GLOMERULUS    (107).jpg;54;16;-5;55;16;-4;57;13;-4 
   PAS;PAS-NORMAL    GLOMERULUS    (108).jpg;53;17;-6;54;16;-4;55;13;-4 
   PAS;PAS-NORMAL    GLOMERULUS    (109).jpg;78;15;-15;82;16;-16;100;0;0 
   PAS;PAS-NORMAL    GLOMERULUS    (110).jpg;64;26;5;66;25;6;68;21;5 
   PAS;PAS-NORMAL    GLOMERULUS    (111).jpg;66;8;6;67;8;6;72;3;6 
   PAS;PAS-NORMAL    GLOMERULUS    (2).jpg;65;13;-3;64;14;-4;64;14;-4 
   PAS;PAS-NORMAL    GLOMERULUS    (2).TIF;69;16;-8;69;16;-8;68;17;-10 
   PAS;PAS-NORMAL    GLOMERULUS    (3).jpg;63;14;-4;63;15;-4;65;14;-4 
   PAS;PAS-NORMAL    GLOMERULUS    (3).TIF;67;17;-9;67;17;-9;66;17;-10 
   PAS;PAS-NORMAL    GLOMERULUS    (4).jpg;68;11;-2;68;12;-2;68;11;-4 
   PAS;PAS-NORMAL    GLOMERULUS    (4).TIF;72;14;-7;72;15;-6;86;4;1 
   PAS;PAS-NORMAL    GLOMERULUS    (5).jpg;69;11;-2;69;12;-2;68;11;-4 
   PAS;PAS-NORMAL    GLOMERULUS    (5).TIF;66;17;-8;66;18;-9;85;5;-11 
   PAS;PAS-NORMAL    GLOMERULUS    (6).jpg;64;14;-4;64;14;-4;66;14;-4 
   PAS;PAS-NORMAL    GLOMERULUS    (62).jpg;70;14;-1;71;14;-1;72;11;-4 
   PAS;PAS-NORMAL    GLOMERULUS    (63).jpg;66;16;-6;67;14;-5;70;11;-4 
   PAS;PAS-NORMAL    GLOMERULUS    (64).jpg;68;15;-4;70;13;-4;74;7;-4 
   PAS;PAS-NORMAL    GLOMERULUS    (65).jpg;71;16;-2;72;15;-1;90;12;-4 
   PAS;PAS-NORMAL    GLOMERULUS    (66).jpg;62;20;-3;64;19;-2;68;16;-4 
   PAS;PAS-NORMAL    GLOMERULUS    (67).jpg;62;20;-3;64;20;-2;65;16;-4 
   PAS;PAS-NORMAL    GLOMERULUS    (68).jpg;65;20;-2;66;19;-1;70;16;1 
   PAS;PAS-NORMAL    GLOMERULUS    (69).jpg;64;22;-3;65;21;-2;69;16;-4 
   PAS;PAS-NORMAL    GLOMERULUS    (70).jpg;76;14;1;78;13;2;80;12;1 
   PAS;PAS-NORMAL    GLOMERULUS    (71).jpg;67;20;-2;69;20;-1;73;20;1 
   PAS;PAS-NORMAL    GLOMERULUS    (72).jpg;63;19;-7;65;17;-6;69;14;-4 
   PAS;PAS-NORMAL    GLOMERULUS    (73).jpg;66;18;-5;67;17;-5;70;11;-4 
   PAS;PAS-NORMAL    GLOMERULUS    (74).jpg;68;18;-4;70;16;-4;80;12;-4 
   PAS;PAS-NORMAL    GLOMERULUS    (75).jpg;68;17;-4;71;15;-3;82;12;-4 
   PAS;PAS-NORMAL    GLOMERULUS    (76).jpg;62;20;-2;63;20;-2;66;19;-4 
   PAS;PAS-NORMAL    GLOMERULUS    (77).jpg;72;20;-3;75;19;-2;77;17;1 
   PAS;PAS-NORMAL    GLOMERULUS    (78).jpg;67;15;-4;67;15;-4;72;11;-4 
   PAS;PAS-NORMAL    GLOMERULUS    (79).jpg;70;16;-2;71;16;-1;72;15;-4 
   PAS;PAS-NORMAL    GLOMERULUS    (80).jpg;74;18;-4;75;18;-4;79;17;-4 
   PAS;PAS-NORMAL    GLOMERULUS    (81).jpg;69;16;-4;70;16;-3;72;15;-4 
   PAS;PAS-NORMAL    GLOMERULUS    (82).jpg;70;16;-3;71;15;-3;72;15;-4 
   PAS;PAS-NORMAL    GLOMERULUS    (83).jpg;75;17;-5;76;16;-4;79;14;-4 
   PAS;PAS-NORMAL    GLOMERULUS    (84).jpg;70;17;-3;73;15;-2;77;12;-4 
   PAS;PAS-NORMAL    GLOMERULUS    (85).jpg;72;15;-3;75;13;-2;78;11;1 
   PAS;PAS-NORMAL    GLOMERULUS    (86).jpg;72;17;-3;75;16;-2;80;12;1 
   PAS;PAS-NORMAL    GLOMERULUS    (87).jpg;73;18;-6;72;18;-5;73;15;-4 
   PAS;PAS-NORMAL    GLOMERULUS    (88).jpg;70;18;-6;70;18;-6;71;15;-4 
   PAS;PAS-NORMAL    GLOMERULUS    (89).jpg;72;17;-5;72;17;-4;73;15;-4 
   PAS;PAS-NORMAL    GLOMERULUS    (90).jpg;73;16;-4;75;15;-3;77;12;-4 
   PAS;PAS-NORMAL    GLOMERULUS    (91).jpg;72;17;-5;74;16;-4;78;12;-4 
   PAS;PAS-NORMAL    GLOMERULUS    (92).jpg;71;15;-5;74;14;-4;75;11;-4 
   PAS;PAS-NORMAL    GLOMERULUS    (93).jpg;77;14;-3;78;14;-3;80;12;-4 
   PAS;PAS-NORMAL    GLOMERULUS    (94).jpg;67;14;-5;67;14;-4;70;11;-4 
   PAS;PAS-NORMAL    GLOMERULUS    (95).jpg;74;10;-6;75;10;-5;77;6;-3 
   PAS;PAS-NORMAL    GLOMERULUS    (96).jpg;72;10;-10;74;9;-9;88;0;-1 
   PAS;PAS-NORMAL    GLOMERULUS    (97).jpg;74;15;-8;76;14;-8;80;11;-8 
   PAS;PAS-NORMAL    GLOMERULUS    (98).jpg;63;13;-10;63;13;-10;83;1;2 
   PAS;PAS-NORMAL    GLOMERULUS    (99).jpg;80;13;-8;81;13;-8;100;-1;-12 
