 GROUP;NAME;H(MODE);S(AVARAGE);V(AVARAGE) 
 H&E;H&E-MEMBRANOUS    GLOMERULUS  (1).jpg;334;30;78 
 H&E;H&E-MEMBRANOUS    GLOMERULUS  (1).TIF;342;44;60 
 H&E;H&E-MEMBRANOUS    GLOMERULUS  (10).jpg;331;26;68 
 H&E;H&E-MEMBRANOUS    GLOMERULUS  (10).TIF;346;47;63 
 H&E;H&E-MEMBRANOUS    GLOMERULUS  (11).jpg;339;19;64 
 H&E;H&E-MEMBRANOUS    GLOMERULUS  (11).TIF;346;48;63 
 H&E;H&E-MEMBRANOUS    GLOMERULUS  (12).jpg;339;26;76 
 H&E;H&E-MEMBRANOUS    GLOMERULUS  (12).TIF;346;47;63 
 H&E;H&E-MEMBRANOUS    GLOMERULUS  (13).jpg;320;27;67 
 H&E;H&E-MEMBRANOUS    GLOMERULUS  (13).TIF;347;47;64 
 H&E;H&E-MEMBRANOUS    GLOMERULUS  (14).jpg;339;29;74 
 H&E;H&E-MEMBRANOUS    GLOMERULUS  (14).TIF;343;46;61 
 H&E;H&E-MEMBRANOUS    GLOMERULUS  (15).jpg;339;29;80 
 H&E;H&E-MEMBRANOUS    GLOMERULUS  (15).TIF;341;38;70 
 H&E;H&E-MEMBRANOUS    GLOMERULUS  (16).jpg;343;34;75 
 H&E;H&E-MEMBRANOUS    GLOMERULUS  (16).TIF;342;42;68 
 H&E;H&E-MEMBRANOUS    GLOMERULUS  (17).jpg;343;34;81 
 H&E;H&E-MEMBRANOUS    GLOMERULUS  (17).TIF;343;44;67 
 H&E;H&E-MEMBRANOUS    GLOMERULUS  (18).jpg;343;33;81 
 H&E;H&E-MEMBRANOUS    GLOMERULUS  (18).TIF;342;43;68 
 H&E;H&E-MEMBRANOUS    GLOMERULUS  (19).jpg;347;40;81 
 H&E;H&E-MEMBRANOUS    GLOMERULUS  (2).jpg;339;31;72 
 H&E;H&E-MEMBRANOUS    GLOMERULUS  (2).TIF;338;38;61 
 H&E;H&E-MEMBRANOUS    GLOMERULUS  (20).jpg;343;33;81 
 H&E;H&E-MEMBRANOUS    GLOMERULUS  (21).jpg;343;36;75 
 H&E;H&E-MEMBRANOUS    GLOMERULUS  (22).jpg;339;27;75 
 H&E;H&E-MEMBRANOUS    GLOMERULUS  (23).jpg;339;26;76 
 H&E;H&E-MEMBRANOUS    GLOMERULUS  (24).jpg;343;36;81 
 H&E;H&E-MEMBRANOUS    GLOMERULUS  (25).jpg;347;44;79 
 H&E;H&E-MEMBRANOUS    GLOMERULUS  (26).jpg;339;25;72 
 H&E;H&E-MEMBRANOUS    GLOMERULUS  (27).jpg;339;25;69 
 H&E;H&E-MEMBRANOUS    GLOMERULUS  (28).jpg;339;25;69 
 H&E;H&E-MEMBRANOUS    GLOMERULUS  (29).jpg;339;26;69 
 H&E;H&E-MEMBRANOUS    GLOMERULUS  (3).jpg;339;29;68 
 H&E;H&E-MEMBRANOUS    GLOMERULUS  (3).TIF;337;35;61 
 H&E;H&E-MEMBRANOUS    GLOMERULUS  (30).jpg;339;19;70 
 H&E;H&E-MEMBRANOUS    GLOMERULUS  (31).jpg;350;33;84 
 H&E;H&E-MEMBRANOUS    GLOMERULUS  (32).jpg;343;33;74 
 H&E;H&E-MEMBRANOUS    GLOMERULUS  (4).jpg;339;26;69 
 H&E;H&E-MEMBRANOUS    GLOMERULUS  (4).TIF;341;41;61 
 H&E;H&E-MEMBRANOUS    GLOMERULUS  (5).jpg;339;27;70 
 H&E;H&E-MEMBRANOUS    GLOMERULUS  (5).TIF;343;43;62 
 H&E;H&E-MEMBRANOUS    GLOMERULUS  (6).jpg;327;29;69 
 H&E;H&E-MEMBRANOUS    GLOMERULUS  (6).TIF;342;41;62 
 H&E;H&E-MEMBRANOUS    GLOMERULUS  (7).jpg;334;35;68 
 H&E;H&E-MEMBRANOUS    GLOMERULUS  (7).TIF;344;46;60 
 H&E;H&E-MEMBRANOUS    GLOMERULUS  (8).jpg;339;31;62 
 H&E;H&E-MEMBRANOUS    GLOMERULUS  (8).TIF;344;45;62 
 H&E;H&E-MEMBRANOUS    GLOMERULUS  (9).jpg;339;27;76 
 H&E;H&E-MEMBRANOUS    GLOMERULUS  (9).TIF;340;40;73 
 H&E;H&E-NORMAL  GLOMERULUS    (100).jpg;345;29;76 
 H&E;H&E-NORMAL  GLOMERULUS    (101).jpg;339;26;73 
 H&E;H&E-NORMAL  GLOMERULUS    (102).jpg;339;25;73 
 H&E;H&E-NORMAL  GLOMERULUS    (103).jpg;345;27;75 
 H&E;H&E-NORMAL  GLOMERULUS    (104).jpg;339;23;74 
 H&E;H&E-NORMAL  GLOMERULUS    (105).jpg;345;27;75 
 H&E;H&E-NORMAL  GLOMERULUS    (106).jpg;343;37;69 
 H&E;H&E-NORMAL  GLOMERULUS    (107).jpg;343;36;69 
 H&E;H&E-NORMAL  GLOMERULUS    (108).jpg;339;31;71 
 H&E;H&E-NORMAL  GLOMERULUS    (109).jpg;339;28;73 
 H&E;H&E-NORMAL  GLOMERULUS    (110).jpg;339;27;75 
 H&E;H&E-NORMAL  GLOMERULUS    (111).jpg;339;27;70 
 H&E;H&E-NORMAL  GLOMERULUS    (112).jpg;339;27;70 
 H&E;H&E-NORMAL  GLOMERULUS    (113).jpg;339;21;71 
 H&E;H&E-NORMAL  GLOMERULUS    (114).jpg;339;20;73 
 H&E;H&E-NORMAL  GLOMERULUS    (115).jpg;331;22;70 
 H&E;H&E-NORMAL  GLOMERULUS    (116).jpg;339;22;72 
 H&E;H&E-NORMAL  GLOMERULUS    (117).jpg;339;25;70 
 H&E;H&E-NORMAL  GLOMERULUS    (118).jpg;339;21;71 
 H&E;H&E-NORMAL  GLOMERULUS    (234).jpg;343;36;83 
 H&E;H&E-NORMAL  GLOMERULUS    (235).jpg;343;35;84 
 H&E;H&E-NORMAL  GLOMERULUS    (236).jpg;342;40;88 
 H&E;H&E-NORMAL  GLOMERULUS    (237).jpg;339;32;73 
 H&E;H&E-NORMAL  GLOMERULUS    (238).jpg;343;33;88 
 H&E;H&E-NORMAL  GLOMERULUS    (239).jpg;343;36;86 
 H&E;H&E-NORMAL  GLOMERULUS    (240).jpg;343;37;80 
 H&E;H&E-NORMAL  GLOMERULUS    (241).jpg;343;38;80 
 H&E;H&E-NORMAL  GLOMERULUS    (242).jpg;343;34;82 
 H&E;H&E-NORMAL  GLOMERULUS    (243).jpg;343;34;82 
 H&E;H&E-NORMAL  GLOMERULUS    (244).jpg;343;33;86 
 H&E;H&E-NORMAL  GLOMERULUS    (245).jpg;342;42;88 
 H&E;H&E-NORMAL  GLOMERULUS    (246).jpg;343;35;85 
 H&E;H&E-NORMAL  GLOMERULUS    (247).jpg;343;35;84 
 H&E;H&E-NORMAL  GLOMERULUS    (248).jpg;339;28;72 
 H&E;H&E-NORMAL  GLOMERULUS    (249).jpg;339;35;83 
 H&E;H&E-NORMAL  GLOMERULUS    (250).jpg;339;33;83 
 H&E;H&E-NORMAL  GLOMERULUS    (251).jpg;339;29;73 
 H&E;H&E-NORMAL  GLOMERULUS    (252).jpg;335;46;70 
 H&E;H&E-NORMAL  GLOMERULUS    (253).jpg;349;58;84 
 H&E;H&E-NORMAL  GLOMERULUS    (254).jpg;343;43;72 
 H&E;H&E-NORMAL  GLOMERULUS    (255).jpg;339;45;66 
 H&E;H&E-NORMAL  GLOMERULUS    (256).jpg;339;43;73 
 H&E;H&E-NORMAL  GLOMERULUS    (257).jpg;339;38;77 
 H&E;H&E-NORMAL  GLOMERULUS    (258).jpg;339;40;73 
 H&E;H&E-NORMAL  GLOMERULUS    (259).jpg;347;43;80 
 H&E;H&E-NORMAL  GLOMERULUS    (260).jpg;350;47;64 
 H&E;H&E-NORMAL  GLOMERULUS    (261).jpg;345;40;68 
 H&E;H&E-NORMAL  GLOMERULUS    (262).jpg;335;39;78 
 H&E;H&E-NORMAL  GLOMERULUS    (263).jpg;343;46;68 
 H&E;H&E-NORMAL  GLOMERULUS    (264).jpg;339;28;83 
 H&E;H&E-NORMAL  GLOMERULUS    (265).jpg;343;44;67 
 H&E;H&E-NORMAL  GLOMERULUS    (266).jpg;339;37;77 
 H&E;H&E-NORMAL  GLOMERULUS    (267).jpg;342;43;87 
 H&E;H&E-NORMAL  GLOMERULUS    (268).jpg;342;54;81 
 H&E;H&E-NORMAL  GLOMERULUS    (269).jpg;350;53;72 
 H&E;H&E-NORMAL  GLOMERULUS    (270).jpg;350;51;76 
 H&E;H&E-NORMAL  GLOMERULUS    (271).jpg;339;40;70 
 H&E;H&E-NORMAL  GLOMERULUS    (272).jpg;348;47;64 
 H&E;H&E-NORMAL  GLOMERULUS    (273).jpg;344;65;93 
 H&E;H&E-NORMAL  GLOMERULUS    (274).jpg;344;65;93 
 H&E;H&E-NORMAL  GLOMERULUS    (275).jpg;345;37;57 
 H&E;H&E-NORMAL  GLOMERULUS    (276).jpg;345;34;59 
 H&E;H&E-NORMAL  GLOMERULUS    (277).jpg;339;29;58 
 H&E;H&E-NORMAL  GLOMERULUS    (278).jpg;345;32;67 
 H&E;H&E-NORMAL  GLOMERULUS    (279).jpg;339;61;66 
 H&E;H&E-NORMAL  GLOMERULUS    (280).jpg;339;60;67 
 H&E;H&E-NORMAL  GLOMERULUS    (69).jpg;343;34;78 
 H&E;H&E-NORMAL  GLOMERULUS    (70).jpg;343;32;79 
 H&E;H&E-NORMAL  GLOMERULUS    (71).jpg;346;33;72 
 H&E;H&E-NORMAL  GLOMERULUS    (72).jpg;346;35;71 
 H&E;H&E-NORMAL  GLOMERULUS    (73).jpg;346;34;72 
 H&E;H&E-NORMAL  GLOMERULUS    (74).jpg;346;35;71 
 H&E;H&E-NORMAL  GLOMERULUS    (75).jpg;346;36;71 
 H&E;H&E-NORMAL  GLOMERULUS    (76).jpg;346;32;72 
 H&E;H&E-NORMAL  GLOMERULUS    (77).jpg;345;30;72 
 H&E;H&E-NORMAL  GLOMERULUS    (78).jpg;347;36;74 
 H&E;H&E-NORMAL  GLOMERULUS    (79).jpg;347;38;75 
 H&E;H&E-NORMAL  GLOMERULUS    (80).jpg;343;33;73 
 H&E;H&E-NORMAL  GLOMERULUS    (81).jpg;345;29;76 
 H&E;H&E-NORMAL  GLOMERULUS    (82).jpg;343;34;74 
 H&E;H&E-NORMAL  GLOMERULUS    (83).jpg;343;37;73 
 H&E;H&E-NORMAL  GLOMERULUS    (84).jpg;343;36;74 
 H&E;H&E-NORMAL  GLOMERULUS    (85).jpg;343;35;74 
 H&E;H&E-NORMAL  GLOMERULUS    (86).jpg;343;35;74 
 H&E;H&E-NORMAL  GLOMERULUS    (87).jpg;343;35;74 
 H&E;H&E-NORMAL  GLOMERULUS    (88).jpg;343;35;74 
 H&E;H&E-NORMAL  GLOMERULUS    (89).jpg;343;36;74 
 H&E;H&E-NORMAL  GLOMERULUS    (90).jpg;339;27;83 
 H&E;H&E-NORMAL  GLOMERULUS    (91).jpg;339;27;82 
 H&E;H&E-NORMAL  GLOMERULUS    (92).jpg;343;35;76 
 H&E;H&E-NORMAL  GLOMERULUS    (93).jpg;343;33;77 
 H&E;H&E-NORMAL  GLOMERULUS    (94).jpg;343;34;77 
 H&E;H&E-NORMAL  GLOMERULUS    (95).jpg;343;33;76 
 H&E;H&E-NORMAL  GLOMERULUS    (96).jpg;343;34;77 
 H&E;H&E-NORMAL  GLOMERULUS    (97).jpg;343;32;77 
 H&E;H&E-NORMAL  GLOMERULUS    (98).jpg;343;34;77 
 H&E;H&E-NORMAL  GLOMERULUS    (99).jpg;343;34;77 
 H&E;NORMAL  GLOMERULUS  -  AZAN  (1).jpg;334;38;66 
 H&E;NORMAL  GLOMERULUS  -  AZAN  (2).jpg;331;38;64 
 H&E;NORMAL  GLOMERULUS  -  AZAN  (3).jpg;331;36;67 
 PAMS;PAMS-GLOMERULAR  SCLEROSIS  GLOMERULUS  (1).jpg;26;21;91 
 PAMS;PAMS-GLOMERULAR  SCLEROSIS  GLOMERULUS  (10).jpg;239;24;28 
 PAMS;PAMS-GLOMERULAR  SCLEROSIS  GLOMERULUS  (11).jpg;239;23;29 
 PAMS;PAMS-GLOMERULAR  SCLEROSIS  GLOMERULUS  (12).jpg;0;0;99 
 PAMS;PAMS-GLOMERULAR  SCLEROSIS  GLOMERULUS  (13).jpg;0;0;101 
 PAMS;PAMS-GLOMERULAR  SCLEROSIS  GLOMERULUS  (14).jpg;0;0;101 
 PAMS;PAMS-GLOMERULAR  SCLEROSIS  GLOMERULUS  (15).jpg;180;4;98 
 PAMS;PAMS-GLOMERULAR  SCLEROSIS  GLOMERULUS  (16).jpg;0;0;100 
 PAMS;PAMS-GLOMERULAR  SCLEROSIS  GLOMERULUS  (17).jpg;0;0;100 
 PAMS;PAMS-GLOMERULAR  SCLEROSIS  GLOMERULUS  (18).jpg;69;7;86 
 PAMS;PAMS-GLOMERULAR  SCLEROSIS  GLOMERULUS  (19).jpg;239;24;22 
 PAMS;PAMS-GLOMERULAR  SCLEROSIS  GLOMERULUS  (2).jpg;23;18;97 
 PAMS;PAMS-GLOMERULAR  SCLEROSIS  GLOMERULUS  (20).jpg;100;2;78 
 PAMS;PAMS-GLOMERULAR  SCLEROSIS  GLOMERULUS  (21).jpg;180;2;96 
 PAMS;PAMS-GLOMERULAR  SCLEROSIS  GLOMERULUS  (22).jpg;140;3;92 
 PAMS;PAMS-GLOMERULAR  SCLEROSIS  GLOMERULUS  (23).jpg;239;19;36 
 PAMS;PAMS-GLOMERULAR  SCLEROSIS  GLOMERULUS  (24).jpg;60;3;67 
 PAMS;PAMS-GLOMERULAR  SCLEROSIS  GLOMERULUS  (25).jpg;160;3;92 
 PAMS;PAMS-GLOMERULAR  SCLEROSIS  GLOMERULUS  (26).jpg;43;14;90 
 PAMS;PAMS-GLOMERULAR  SCLEROSIS  GLOMERULUS  (27).jpg;0;0;100 
 PAMS;PAMS-GLOMERULAR  SCLEROSIS  GLOMERULUS  (28).jpg;0;1;99 
 PAMS;PAMS-GLOMERULAR  SCLEROSIS  GLOMERULUS  (29).jpg;0;1;98 
 PAMS;PAMS-GLOMERULAR  SCLEROSIS  GLOMERULUS  (3).jpg;26;20;91 
 PAMS;PAMS-GLOMERULAR  SCLEROSIS  GLOMERULUS  (30).jpg;0;1;99 
 PAMS;PAMS-GLOMERULAR  SCLEROSIS  GLOMERULUS  (31).jpg;0;2;93 
 PAMS;PAMS-GLOMERULAR  SCLEROSIS  GLOMERULUS  (32).jpg;0;4;86 
 PAMS;PAMS-GLOMERULAR  SCLEROSIS  GLOMERULUS  (33).jpg;30;12;80 
 PAMS;PAMS-GLOMERULAR  SCLEROSIS  GLOMERULUS  (34).jpg;30;12;81 
 PAMS;PAMS-GLOMERULAR  SCLEROSIS  GLOMERULUS  (35).jpg;30;13;81 
 PAMS;PAMS-GLOMERULAR  SCLEROSIS  GLOMERULUS  (36).jpg;60;5;89 
 PAMS;PAMS-GLOMERULAR  SCLEROSIS  GLOMERULUS  (37).jpg;51;7;94 
 PAMS;PAMS-GLOMERULAR  SCLEROSIS  GLOMERULUS  (38).jpg;103;3;99 
 PAMS;PAMS-GLOMERULAR  SCLEROSIS  GLOMERULUS  (39).jpg;0;10;61 
 PAMS;PAMS-GLOMERULAR  SCLEROSIS  GLOMERULUS  (4).jpg;26;21;91 
 PAMS;PAMS-GLOMERULAR  SCLEROSIS  GLOMERULUS  (40).jpg;60;2;100 
 PAMS;PAMS-GLOMERULAR  SCLEROSIS  GLOMERULUS  (41).jpg;60;2;100 
 PAMS;PAMS-GLOMERULAR  SCLEROSIS  GLOMERULUS  (42).jpg;42;7;90 
 PAMS;PAMS-GLOMERULAR  SCLEROSIS  GLOMERULUS  (43).jpg;60;4;91 
 PAMS;PAMS-GLOMERULAR  SCLEROSIS  GLOMERULUS  (44).jpg;44;8;93 
 PAMS;PAMS-GLOMERULAR  SCLEROSIS  GLOMERULUS  (45).jpg;60;9;92 
 PAMS;PAMS-GLOMERULAR  SCLEROSIS  GLOMERULUS  (46).jpg;60;3;94 
 PAMS;PAMS-GLOMERULAR  SCLEROSIS  GLOMERULUS  (47).jpg;33;7;88 
 PAMS;PAMS-GLOMERULAR  SCLEROSIS  GLOMERULUS  (48).jpg;33;7;86 
 PAMS;PAMS-GLOMERULAR  SCLEROSIS  GLOMERULUS  (49).jpg;33;7;87 
 PAMS;PAMS-GLOMERULAR  SCLEROSIS  GLOMERULUS  (5).jpg;26;21;91 
 PAMS;PAMS-GLOMERULAR  SCLEROSIS  GLOMERULUS  (50).jpg;60;5;97 
 PAMS;PAMS-GLOMERULAR  SCLEROSIS  GLOMERULUS  (51).jpg;0;7;92 
 PAMS;PAMS-GLOMERULAR  SCLEROSIS  GLOMERULUS  (52).jpg;30;9;97 
 PAMS;PAMS-GLOMERULAR  SCLEROSIS  GLOMERULUS  (53).jpg;60;6;99 
 PAMS;PAMS-GLOMERULAR  SCLEROSIS  GLOMERULUS  (54).jpg;29;13;95 
 PAMS;PAMS-GLOMERULAR  SCLEROSIS  GLOMERULUS  (55).jpg;33;13;94 
 PAMS;PAMS-GLOMERULAR  SCLEROSIS  GLOMERULUS  (56).jpg;16;14;86 
 PAMS;PAMS-GLOMERULAR  SCLEROSIS  GLOMERULUS  (57).jpg;29;14;93 
 PAMS;PAMS-GLOMERULAR  SCLEROSIS  GLOMERULUS  (58).jpg;339;28;39 
 PAMS;PAMS-GLOMERULAR  SCLEROSIS  GLOMERULUS  (59).jpg;16;12;87 
 PAMS;PAMS-GLOMERULAR  SCLEROSIS  GLOMERULUS  (6).jpg;30;36;86 
 PAMS;PAMS-GLOMERULAR  SCLEROSIS  GLOMERULUS  (60).jpg;0;16;57 
 PAMS;PAMS-GLOMERULAR  SCLEROSIS  GLOMERULUS  (61).jpg;10;17;79 
 PAMS;PAMS-GLOMERULAR  SCLEROSIS  GLOMERULUS  (62).jpg;19;11;93 
 PAMS;PAMS-GLOMERULAR  SCLEROSIS  GLOMERULUS  (63).jpg;19;11;95 
 PAMS;PAMS-GLOMERULAR  SCLEROSIS  GLOMERULUS  (64).jpg;19;14;81 
 PAMS;PAMS-GLOMERULAR  SCLEROSIS  GLOMERULUS  (65).jpg;16;12;87 
 PAMS;PAMS-GLOMERULAR  SCLEROSIS  GLOMERULUS  (66).jpg;19;14;86 
 PAMS;PAMS-GLOMERULAR  SCLEROSIS  GLOMERULUS  (67).jpg;26;18;81 
 PAMS;PAMS-GLOMERULAR  SCLEROSIS  GLOMERULUS  (68).jpg;26;18;75 
 PAMS;PAMS-GLOMERULAR  SCLEROSIS  GLOMERULUS  (69).jpg;20;19;85 
 PAMS;PAMS-GLOMERULAR  SCLEROSIS  GLOMERULUS  (7).jpg;26;18;87 
 PAMS;PAMS-GLOMERULAR  SCLEROSIS  GLOMERULUS  (70).jpg;26;18;76 
 PAMS;PAMS-GLOMERULAR  SCLEROSIS  GLOMERULUS  (71).jpg;20;18;84 
 PAMS;PAMS-GLOMERULAR  SCLEROSIS  GLOMERULUS  (72).jpg;20;19;83 
 PAMS;PAMS-GLOMERULAR  SCLEROSIS  GLOMERULUS  (73).jpg;20;19;84 
 PAMS;PAMS-GLOMERULAR  SCLEROSIS  GLOMERULUS  (74).jpg;23;19;80 
 PAMS;PAMS-GLOMERULAR  SCLEROSIS  GLOMERULUS  (75).jpg;20;21;82 
 PAMS;PAMS-GLOMERULAR  SCLEROSIS  GLOMERULUS  (76).jpg;20;19;83 
 PAMS;PAMS-GLOMERULAR  SCLEROSIS  GLOMERULUS  (77).jpg;20;19;86 
 PAMS;PAMS-GLOMERULAR  SCLEROSIS  GLOMERULUS  (78).jpg;22;19;87 
 PAMS;PAMS-GLOMERULAR  SCLEROSIS  GLOMERULUS  (79).jpg;20;18;88 
 PAMS;PAMS-GLOMERULAR  SCLEROSIS  GLOMERULUS  (8).jpg;0;0;100 
 PAMS;PAMS-GLOMERULAR  SCLEROSIS  GLOMERULUS  (80).jpg;23;19;83 
 PAMS;PAMS-GLOMERULAR  SCLEROSIS  GLOMERULUS  (81).jpg;20;19;87 
 PAMS;PAMS-GLOMERULAR  SCLEROSIS  GLOMERULUS  (82).jpg;26;16;92 
 PAMS;PAMS-GLOMERULAR  SCLEROSIS  GLOMERULUS  (83).jpg;26;17;90 
 PAMS;PAMS-GLOMERULAR  SCLEROSIS  GLOMERULUS  (84).jpg;20;21;83 
 PAMS;PAMS-GLOMERULAR  SCLEROSIS  GLOMERULUS  (85).jpg;22;18;84 
 PAMS;PAMS-GLOMERULAR  SCLEROSIS  GLOMERULUS  (86).jpg;22;19;83 
 PAMS;PAMS-GLOMERULAR  SCLEROSIS  GLOMERULUS  (87).jpg;33;19;90 
 PAMS;PAMS-GLOMERULAR  SCLEROSIS  GLOMERULUS  (88).jpg;28;19;94 
 PAMS;PAMS-GLOMERULAR  SCLEROSIS  GLOMERULUS  (89).jpg;26;21;87 
 PAMS;PAMS-GLOMERULAR  SCLEROSIS  GLOMERULUS  (9).jpg;19;11;87 
 PAMS;PAMS-GLOMERULAR  SCLEROSIS  GLOMERULUS  (90).jpg;28;20;86 
 PAMS;PAMS-GLOMERULAR  SCLEROSIS  GLOMERULUS  (91).jpg;239;22;6 
 PAMS;PAMS-GLOMERULAR  SCLEROSIS  GLOMERULUS  (92).jpg;239;21;6 
 PAMS;PAMS-GLOMERULAR  SCLEROSIS  GLOMERULUS  (93).jpg;33;18;97 
 PAMS;PAMS-MEMBRANOUS  (1).jpg;100;2;68 
 PAMS;PAMS-MEMBRANOUS  (2).jpg;60;5;77 
 PAMS;PAMS-MEMBRANOUS  (23).jpg;147;9;95 
 PAMS;PAMS-MEMBRANOUS  (24).jpg;147;10;94 
 PAMS;PAMS-MEMBRANOUS  (25).jpg;160;5;79 
 PAMS;PAMS-MEMBRANOUS  (26).jpg;160;5;79 
 PAMS;PAMS-MEMBRANOUS  (27).jpg;160;4;81 
 PAMS;PAMS-MEMBRANOUS  (28).jpg;191;3;72 
 PAMS;PAMS-MEMBRANOUS  (29).jpg;191;3;73 
 PAMS;PAMS-MEMBRANOUS  (3).jpg;132;3;69 
 PAMS;PAMS-MEMBRANOUS  (30).jpg;191;3;72 
 PAMS;PAMS-MEMBRANOUS  (31).jpg;85;9;91 
 PAMS;PAMS-MEMBRANOUS  (32).jpg;35;9;82 
 PAMS;PAMS-MEMBRANOUS  (33).jpg;92;9;88 
 PAMS;PAMS-MEMBRANOUS  (34).jpg;85;7;84 
 PAMS;PAMS-MEMBRANOUS  (35).jpg;60;5;82 
 PAMS;PAMS-MEMBRANOUS  (36).jpg;60;5;80 
 PAMS;PAMS-MEMBRANOUS  (4).jpg;120;6;86 
 PAMS;PAMS-MEMBRANOUS  (5).jpg;85;9;89 
 PAMS;PAMS-MEMBRANOUS  (6).jpg;160;4;77 
 PAMS;PAMS-MEMBRANOUS  (7).jpg;76;7;83 
 PAMS;PAMS-NORMAL  GLOMERULUS  (1).jpg;0;7;87 
 PAMS;PAMS-NORMAL  GLOMERULUS  (1).TIF;0;8;80 
 PAMS;PAMS-NORMAL  GLOMERULUS  (10).jpg;19;11;79 
 PAMS;PAMS-NORMAL  GLOMERULUS  (11).jpg;45;7;83 
 PAMS;PAMS-NORMAL  GLOMERULUS  (12).jpg;45;7;83 
 PAMS;PAMS-NORMAL  GLOMERULUS  (13).jpg;44;9;83 
 PAMS;PAMS-NORMAL  GLOMERULUS  (14).jpg;26;19;95 
 PAMS;PAMS-NORMAL  GLOMERULUS  (15).jpg;28;20;92 
 PAMS;PAMS-NORMAL  GLOMERULUS  (16).jpg;28;20;91 
 PAMS;PAMS-NORMAL  GLOMERULUS  (17).jpg;28;20;89 
 PAMS;PAMS-NORMAL  GLOMERULUS  (18).jpg;28;19;86 
 PAMS;PAMS-NORMAL  GLOMERULUS  (19).jpg;22;16;91 
 PAMS;PAMS-NORMAL  GLOMERULUS  (2).jpg;19;12;76 
 PAMS;PAMS-NORMAL  GLOMERULUS  (20).jpg;21;13;87 
 PAMS;PAMS-NORMAL  GLOMERULUS  (21).jpg;22;16;91 
 PAMS;PAMS-NORMAL  GLOMERULUS  (22).jpg;26;16;91 
 PAMS;PAMS-NORMAL  GLOMERULUS  (23).jpg;20;16;93 
 PAMS;PAMS-NORMAL  GLOMERULUS  (24).jpg;26;22;83 
 PAMS;PAMS-NORMAL  GLOMERULUS  (25).jpg;21;14;88 
 PAMS;PAMS-NORMAL  GLOMERULUS  (26).jpg;21;15;84 
 PAMS;PAMS-NORMAL  GLOMERULUS  (27).jpg;339;22;39 
 PAMS;PAMS-NORMAL  GLOMERULUS  (28).jpg;0;13;59 
 PAMS;PAMS-NORMAL  GLOMERULUS  (29).jpg;60;3;100 
 PAMS;PAMS-NORMAL  GLOMERULUS  (3).jpg;19;12;77 
 PAMS;PAMS-NORMAL  GLOMERULUS  (30).jpg;21;13;93 
 PAMS;PAMS-NORMAL  GLOMERULUS  (31).jpg;60;7;96 
 PAMS;PAMS-NORMAL  GLOMERULUS  (32).jpg;29;14;95 
 PAMS;PAMS-NORMAL  GLOMERULUS  (33).jpg;23;11;84 
 PAMS;PAMS-NORMAL  GLOMERULUS  (34).jpg;103;7;96 
 PAMS;PAMS-NORMAL  GLOMERULUS  (35).jpg;0;1;98 
 PAMS;PAMS-NORMAL  GLOMERULUS  (4).jpg;19;12;76 
 PAMS;PAMS-NORMAL  GLOMERULUS  (5).jpg;21;9;78 
 PAMS;PAMS-NORMAL  GLOMERULUS  (6).jpg;19;12;76 
 PAMS;PAMS-NORMAL  GLOMERULUS  (7).jpg;19;14;75 
 PAMS;PAMS-NORMAL  GLOMERULUS  (8).jpg;19;10;80 
 PAMS;PAMS-NORMAL  GLOMERULUS  (9).jpg;19;11;80 
 PAS;PAS-GLOMERULAR  SCLEROSIS  GLOMERULUS  (1).jpg;27;34;92 
 PAS;PAS-GLOMERULAR  SCLEROSIS  GLOMERULUS  (10).jpg;320;33;53 
 PAS;PAS-GLOMERULAR  SCLEROSIS  GLOMERULUS  (11).jpg;318;26;53 
 PAS;PAS-GLOMERULAR  SCLEROSIS  GLOMERULUS  (12).jpg;320;33;53 
 PAS;PAS-GLOMERULAR  SCLEROSIS  GLOMERULUS  (13).jpg;318;29;53 
 PAS;PAS-GLOMERULAR  SCLEROSIS  GLOMERULUS  (14).jpg;318;24;55 
 PAS;PAS-GLOMERULAR  SCLEROSIS  GLOMERULUS  (141).jpg;331;34;57 
 PAS;PAS-GLOMERULAR  SCLEROSIS  GLOMERULUS  (142).jpg;325;35;64 
 PAS;PAS-GLOMERULAR  SCLEROSIS  GLOMERULUS  (143).jpg;324;31;57 
 PAS;PAS-GLOMERULAR  SCLEROSIS  GLOMERULUS  (144).jpg;325;33;67 
 PAS;PAS-GLOMERULAR  SCLEROSIS  GLOMERULUS  (145).jpg;325;36;64 
 PAS;PAS-GLOMERULAR  SCLEROSIS  GLOMERULUS  (146).jpg;311;16;73 
 PAS;PAS-GLOMERULAR  SCLEROSIS  GLOMERULUS  (147).jpg;324;15;72 
 PAS;PAS-GLOMERULAR  SCLEROSIS  GLOMERULUS  (148).jpg;339;33;68 
 PAS;PAS-GLOMERULAR  SCLEROSIS  GLOMERULUS  (149).jpg;339;32;70 
 PAS;PAS-GLOMERULAR  SCLEROSIS  GLOMERULUS  (15).jpg;28;11;69 
 PAS;PAS-GLOMERULAR  SCLEROSIS  GLOMERULUS  (150).jpg;339;33;69 
 PAS;PAS-GLOMERULAR  SCLEROSIS  GLOMERULUS  (151).jpg;339;31;69 
 PAS;PAS-GLOMERULAR  SCLEROSIS  GLOMERULUS  (152).jpg;339;35;68 
 PAS;PAS-GLOMERULAR  SCLEROSIS  GLOMERULUS  (153).jpg;339;37;67 
 PAS;PAS-GLOMERULAR  SCLEROSIS  GLOMERULUS  (154).jpg;339;33;76 
 PAS;PAS-GLOMERULAR  SCLEROSIS  GLOMERULUS  (155).jpg;339;26;79 
 PAS;PAS-GLOMERULAR  SCLEROSIS  GLOMERULUS  (156).jpg;334;40;63 
 PAS;PAS-GLOMERULAR  SCLEROSIS  GLOMERULUS  (157).jpg;334;40;59 
 PAS;PAS-GLOMERULAR  SCLEROSIS  GLOMERULUS  (158).jpg;339;30;73 
 PAS;PAS-GLOMERULAR  SCLEROSIS  GLOMERULUS  (159).jpg;339;31;74 
 PAS;PAS-GLOMERULAR  SCLEROSIS  GLOMERULUS  (16).jpg;3;10;84 
 PAS;PAS-GLOMERULAR  SCLEROSIS  GLOMERULUS  (160).jpg;339;29;76 
 PAS;PAS-GLOMERULAR  SCLEROSIS  GLOMERULUS  (161).jpg;339;29;76 
 PAS;PAS-GLOMERULAR  SCLEROSIS  GLOMERULUS  (162).jpg;339;30;75 
 PAS;PAS-GLOMERULAR  SCLEROSIS  GLOMERULUS  (163).jpg;339;22;77 
 PAS;PAS-GLOMERULAR  SCLEROSIS  GLOMERULUS  (164).jpg;339;25;83 
 PAS;PAS-GLOMERULAR  SCLEROSIS  GLOMERULUS  (165).jpg;345;27;78 
 PAS;PAS-GLOMERULAR  SCLEROSIS  GLOMERULUS  (166).jpg;19;19;91 
 PAS;PAS-GLOMERULAR  SCLEROSIS  GLOMERULUS  (167).jpg;23;18;96 
 PAS;PAS-GLOMERULAR  SCLEROSIS  GLOMERULUS  (168).jpg;325;35;60 
 PAS;PAS-GLOMERULAR  SCLEROSIS  GLOMERULUS  (169).jpg;325;38;59 
 PAS;PAS-GLOMERULAR  SCLEROSIS  GLOMERULUS  (17).jpg;319;30;68 
 PAS;PAS-GLOMERULAR  SCLEROSIS  GLOMERULUS  (170).jpg;327;36;61 
 PAS;PAS-GLOMERULAR  SCLEROSIS  GLOMERULUS  (171).jpg;325;34;62 
 PAS;PAS-GLOMERULAR  SCLEROSIS  GLOMERULUS  (172).jpg;325;37;60 
 PAS;PAS-GLOMERULAR  SCLEROSIS  GLOMERULUS  (173).jpg;327;36;61 
 PAS;PAS-GLOMERULAR  SCLEROSIS  GLOMERULUS  (174).jpg;325;35;57 
 PAS;PAS-GLOMERULAR  SCLEROSIS  GLOMERULUS  (175).jpg;325;33;58 
 PAS;PAS-GLOMERULAR  SCLEROSIS  GLOMERULUS  (176).jpg;331;36;60 
 PAS;PAS-GLOMERULAR  SCLEROSIS  GLOMERULUS  (177).jpg;331;35;61 
 PAS;PAS-GLOMERULAR  SCLEROSIS  GLOMERULUS  (178).jpg;325;25;71 
 PAS;PAS-GLOMERULAR  SCLEROSIS  GLOMERULUS  (179).jpg;325;25;72 
 PAS;PAS-GLOMERULAR  SCLEROSIS  GLOMERULUS  (18).jpg;21;15;74 
 PAS;PAS-GLOMERULAR  SCLEROSIS  GLOMERULUS  (19).jpg;325;31;72 
 PAS;PAS-GLOMERULAR  SCLEROSIS  GLOMERULUS  (2).jpg;311;17;65 
 PAS;PAS-GLOMERULAR  SCLEROSIS  GLOMERULUS  (20).jpg;325;29;67 
 PAS;PAS-GLOMERULAR  SCLEROSIS  GLOMERULUS  (21).jpg;339;29;59 
 PAS;PAS-GLOMERULAR  SCLEROSIS  GLOMERULUS  (22).jpg;319;41;68 
 PAS;PAS-GLOMERULAR  SCLEROSIS  GLOMERULUS  (23).jpg;312;32;76 
 PAS;PAS-GLOMERULAR  SCLEROSIS  GLOMERULUS  (24).jpg;312;32;67 
 PAS;PAS-GLOMERULAR  SCLEROSIS  GLOMERULUS  (25).jpg;312;26;77 
 PAS;PAS-GLOMERULAR  SCLEROSIS  GLOMERULUS  (26).jpg;150;1;83 
 PAS;PAS-GLOMERULAR  SCLEROSIS  GLOMERULUS  (27).jpg;297;18;74 
 PAS;PAS-GLOMERULAR  SCLEROSIS  GLOMERULUS  (28).jpg;297;16;75 
 PAS;PAS-GLOMERULAR  SCLEROSIS  GLOMERULUS  (29).jpg;299;15;78 
 PAS;PAS-GLOMERULAR  SCLEROSIS  GLOMERULUS  (3).jpg;339;48;80 
 PAS;PAS-GLOMERULAR  SCLEROSIS  GLOMERULUS  (30).jpg;307;35;66 
 PAS;PAS-GLOMERULAR  SCLEROSIS  GLOMERULUS  (31).jpg;291;17;77 
 PAS;PAS-GLOMERULAR  SCLEROSIS  GLOMERULUS  (32).jpg;165;2;87 
 PAS;PAS-GLOMERULAR  SCLEROSIS  GLOMERULUS  (33).jpg;191;2;92 
 PAS;PAS-GLOMERULAR  SCLEROSIS  GLOMERULUS  (34).jpg;299;18;64 
 PAS;PAS-GLOMERULAR  SCLEROSIS  GLOMERULUS  (35).jpg;307;36;55 
 PAS;PAS-GLOMERULAR  SCLEROSIS  GLOMERULUS  (36).jpg;309;37;56 
 PAS;PAS-GLOMERULAR  SCLEROSIS  GLOMERULUS  (37).jpg;291;26;72 
 PAS;PAS-GLOMERULAR  SCLEROSIS  GLOMERULUS  (38).jpg;272;20;82 
 PAS;PAS-GLOMERULAR  SCLEROSIS  GLOMERULUS  (39).jpg;312;27;63 
 PAS;PAS-GLOMERULAR  SCLEROSIS  GLOMERULUS  (4).jpg;318;19;70 
 PAS;PAS-GLOMERULAR  SCLEROSIS  GLOMERULUS  (40).jpg;306;21;62 
 PAS;PAS-GLOMERULAR  SCLEROSIS  GLOMERULUS  (41).jpg;318;13;76 
 PAS;PAS-GLOMERULAR  SCLEROSIS  GLOMERULUS  (42).jpg;299;13;86 
 PAS;PAS-GLOMERULAR  SCLEROSIS  GLOMERULUS  (43).jpg;312;24;68 
 PAS;PAS-GLOMERULAR  SCLEROSIS  GLOMERULUS  (44).jpg;312;30;65 
 PAS;PAS-GLOMERULAR  SCLEROSIS  GLOMERULUS  (45).jpg;318;22;78 
 PAS;PAS-GLOMERULAR  SCLEROSIS  GLOMERULUS  (46).jpg;312;20;78 
 PAS;PAS-GLOMERULAR  SCLEROSIS  GLOMERULUS  (47).jpg;326;11;85 
 PAS;PAS-GLOMERULAR  SCLEROSIS  GLOMERULUS  (48).jpg;299;8;96 
 PAS;PAS-GLOMERULAR  SCLEROSIS  GLOMERULUS  (49).jpg;320;20;80 
 PAS;PAS-GLOMERULAR  SCLEROSIS  GLOMERULUS  (5).jpg;306;24;52 
 PAS;PAS-GLOMERULAR  SCLEROSIS  GLOMERULUS  (50).jpg;320;20;80 
 PAS;PAS-GLOMERULAR  SCLEROSIS  GLOMERULUS  (6).jpg;299;8;98 
 PAS;PAS-GLOMERULAR  SCLEROSIS  GLOMERULUS  (7).jpg;293;31;68 
 PAS;PAS-GLOMERULAR  SCLEROSIS  GLOMERULUS  (8).jpg;331;35;46 
 PAS;PAS-GLOMERULAR  SCLEROSIS  GLOMERULUS  (9).jpg;51;10;55 
 PAS;PAS-NORMAL  GLOMERULUS  (1).jpg;339;36;50 
 PAS;PAS-NORMAL  GLOMERULUS  (1).TIF;315;27;66 
 PAS;PAS-NORMAL  GLOMERULUS  (100).jpg;318;16;72 
 PAS;PAS-NORMAL  GLOMERULUS  (101).jpg;160;5;93 
 PAS;PAS-NORMAL  GLOMERULUS  (102).jpg;299;12;79 
 PAS;PAS-NORMAL  GLOMERULUS  (103).jpg;318;13;62 
 PAS;PAS-NORMAL  GLOMERULUS  (104).jpg;311;13;67 
 PAS;PAS-NORMAL  GLOMERULUS  (105).jpg;318;28;80 
 PAS;PAS-NORMAL  GLOMERULUS  (106).jpg;320;24;74 
 PAS;PAS-NORMAL  GLOMERULUS  (107).jpg;331;25;63 
 PAS;PAS-NORMAL  GLOMERULUS  (108).jpg;331;25;62 
 PAS;PAS-NORMAL  GLOMERULUS  (109).jpg;299;6;99 
 PAS;PAS-NORMAL  GLOMERULUS  (110).jpg;342;43;82 
 PAS;PAS-NORMAL  GLOMERULUS  (111).jpg;0;18;68 
 PAS;PAS-NORMAL  GLOMERULUS  (2).jpg;331;23;70 
 PAS;PAS-NORMAL  GLOMERULUS  (2).TIF;315;24;73 
 PAS;PAS-NORMAL  GLOMERULUS  (3).jpg;331;23;71 
 PAS;PAS-NORMAL  GLOMERULUS  (3).TIF;315;23;73 
 PAS;PAS-NORMAL  GLOMERULUS  (4).jpg;339;16;75 
 PAS;PAS-NORMAL  GLOMERULUS  (4).TIF;315;23;73 
 PAS;PAS-NORMAL  GLOMERULUS  (5).jpg;339;16;75 
 PAS;PAS-NORMAL  GLOMERULUS  (5).TIF;315;27;69 
 PAS;PAS-NORMAL  GLOMERULUS  (6).jpg;331;24;71 
 PAS;PAS-NORMAL  GLOMERULUS  (62).jpg;339;20;79 
 PAS;PAS-NORMAL  GLOMERULUS  (63).jpg;325;30;72 
 PAS;PAS-NORMAL  GLOMERULUS  (64).jpg;339;17;80 
 PAS;PAS-NORMAL  GLOMERULUS  (65).jpg;339;20;81 
 PAS;PAS-NORMAL  GLOMERULUS  (66).jpg;339;26;76 
 PAS;PAS-NORMAL  GLOMERULUS  (67).jpg;339;26;76 
 PAS;PAS-NORMAL  GLOMERULUS  (68).jpg;339;26;77 
 PAS;PAS-NORMAL  GLOMERULUS  (69).jpg;339;26;78 
 PAS;PAS-NORMAL  GLOMERULUS  (70).jpg;339;23;83 
 PAS;PAS-NORMAL  GLOMERULUS  (71).jpg;339;26;81 
 PAS;PAS-NORMAL  GLOMERULUS  (72).jpg;325;33;71 
 PAS;PAS-NORMAL  GLOMERULUS  (73).jpg;325;34;70 
 PAS;PAS-NORMAL  GLOMERULUS  (74).jpg;339;21;82 
 PAS;PAS-NORMAL  GLOMERULUS  (75).jpg;339;21;83 
 PAS;PAS-NORMAL  GLOMERULUS  (76).jpg;339;28;75 
 PAS;PAS-NORMAL  GLOMERULUS  (77).jpg;339;22;87 
 PAS;PAS-NORMAL  GLOMERULUS  (78).jpg;339;18;79 
 PAS;PAS-NORMAL  GLOMERULUS  (79).jpg;339;21;80 
 PAS;PAS-NORMAL  GLOMERULUS  (80).jpg;339;19;89 
 PAS;PAS-NORMAL  GLOMERULUS  (81).jpg;339;19;81 
 PAS;PAS-NORMAL  GLOMERULUS  (82).jpg;339;19;82 
 PAS;PAS-NORMAL  GLOMERULUS  (83).jpg;331;20;86 
 PAS;PAS-NORMAL  GLOMERULUS  (84).jpg;339;19;83 
 PAS;PAS-NORMAL  GLOMERULUS  (85).jpg;339;17;84 
 PAS;PAS-NORMAL  GLOMERULUS  (86).jpg;339;19;85 
 PAS;PAS-NORMAL  GLOMERULUS  (87).jpg;325;26;81 
 PAS;PAS-NORMAL  GLOMERULUS  (88).jpg;325;26;78 
 PAS;PAS-NORMAL  GLOMERULUS  (89).jpg;331;21;83 
 PAS;PAS-NORMAL  GLOMERULUS  (90).jpg;339;17;86 
 PAS;PAS-NORMAL  GLOMERULUS  (91).jpg;339;17;87 
 PAS;PAS-NORMAL  GLOMERULUS  (92).jpg;339;16;85 
 PAS;PAS-NORMAL  GLOMERULUS  (93).jpg;339;16;88 
 PAS;PAS-NORMAL  GLOMERULUS  (94).jpg;325;25;72 
 PAS;PAS-NORMAL  GLOMERULUS  (95).jpg;318;13;79 
 PAS;PAS-NORMAL  GLOMERULUS  (96).jpg;279;4;86 
 PAS;PAS-NORMAL  GLOMERULUS  (97).jpg;312;19;80 
 PAS;PAS-NORMAL  GLOMERULUS  (98).jpg;22;4;84 
 PAS;PAS-NORMAL  GLOMERULUS  (99).jpg;60;3;101 
