 GROUP;NAME;L(AVARAGE);U(AVARAGE);V(AVARAGE);L(MEDIAN);U(MEDIAN);V(MEDIAN);L(MODE);U(MODE);V(MODE) 
 H&E;H&E-MEMBRANOUS    GLOMERULUS  (1).jpg;68;22;-11;66;25;-11;99;28;-10 
 H&E;H&E-MEMBRANOUS    GLOMERULUS  (1).TIF;45;35;-6;44;37;-5;43;37;-4 
 H&E;H&E-MEMBRANOUS    GLOMERULUS  (10).jpg;62;17;-8;60;18;-9;52;0;-10 
 H&E;H&E-MEMBRANOUS    GLOMERULUS  (10).TIF;47;40;-4;46;42;-2;44;47;0 
 H&E;H&E-MEMBRANOUS    GLOMERULUS  (11).jpg;54;14;-7;53;15;-7;74;2;-9 
 H&E;H&E-MEMBRANOUS    GLOMERULUS  (11).TIF;47;40;-3;45;43;-2;43;51;0 
 H&E;H&E-MEMBRANOUS    GLOMERULUS  (12).jpg;68;21;-5;65;24;-7;60;32;-10 
 H&E;H&E-MEMBRANOUS    GLOMERULUS  (12).TIF;47;40;-3;45;42;-2;44;50;0 
 H&E;H&E-MEMBRANOUS    GLOMERULUS  (13).jpg;64;16;-14;60;20;-15;55;26;-16 
 H&E;H&E-MEMBRANOUS    GLOMERULUS  (13).TIF;47;41;-3;46;43;-2;44;53;1 
 H&E;H&E-MEMBRANOUS    GLOMERULUS  (14).jpg;63;23;-10;61;26;-9;57;32;-10 
 H&E;H&E-MEMBRANOUS    GLOMERULUS  (14).TIF;45;38;-5;44;40;-4;43;47;-2 
 H&E;H&E-MEMBRANOUS    GLOMERULUS  (15).jpg;66;30;-7;64;32;-7;60;38;-4 
 H&E;H&E-MEMBRANOUS    GLOMERULUS  (15).TIF;55;36;-7;55;37;-6;54;39;-6 
 H&E;H&E-MEMBRANOUS    GLOMERULUS  (16).jpg;63;26;-5;61;31;-4;87;40;-3 
 H&E;H&E-MEMBRANOUS    GLOMERULUS  (16).TIF;52;40;-6;51;42;-5;49;43;-4 
 H&E;H&E-MEMBRANOUS    GLOMERULUS  (17).jpg;65;37;-3;64;39;-2;62;46;-3 
 H&E;H&E-MEMBRANOUS    GLOMERULUS  (17).TIF;50;41;-6;49;43;-5;48;50;-3 
 H&E;H&E-MEMBRANOUS    GLOMERULUS  (18).jpg;71;27;-2;69;30;-2;62;-6;-3 
 H&E;H&E-MEMBRANOUS    GLOMERULUS  (18).TIF;51;41;-6;50;42;-5;48;48;-4 
 H&E;H&E-MEMBRANOUS    GLOMERULUS  (19).jpg;62;43;-2;61;45;-1;58;62;2 
 H&E;H&E-MEMBRANOUS    GLOMERULUS  (2).jpg;62;23;-8;59;25;-8;55;32;-10 
 H&E;H&E-MEMBRANOUS    GLOMERULUS  (2).TIF;48;30;-7;47;32;-6;46;35;-7 
 H&E;H&E-MEMBRANOUS    GLOMERULUS  (20).jpg;68;31;-3;66;33;-2;60;46;-2 
 H&E;H&E-MEMBRANOUS    GLOMERULUS  (21).jpg;59;33;-6;57;36;-4;57;42;-3 
 H&E;H&E-MEMBRANOUS    GLOMERULUS  (22).jpg;66;22;-5;66;24;-3;88;-1;-3 
 H&E;H&E-MEMBRANOUS    GLOMERULUS  (23).jpg;66;22;-5;65;25;-4;87;40;-3 
 H&E;H&E-MEMBRANOUS    GLOMERULUS  (24).jpg;64;38;-2;62;42;-1;59;46;2 
 H&E;H&E-MEMBRANOUS    GLOMERULUS  (25).jpg;63;40;2;58;49;3;53;-6;2 
 H&E;H&E-MEMBRANOUS    GLOMERULUS  (26).jpg;63;21;-4;63;24;-3;61;25;-2 
 H&E;H&E-MEMBRANOUS    GLOMERULUS  (27).jpg;62;18;-4;61;19;-4;59;25;-4 
 H&E;H&E-MEMBRANOUS    GLOMERULUS  (28).jpg;62;20;-3;61;22;-2;59;25;-2 
 H&E;H&E-MEMBRANOUS    GLOMERULUS  (29).jpg;60;23;-4;59;24;-3;56;25;-2 
 H&E;H&E-MEMBRANOUS    GLOMERULUS  (3).jpg;66;15;-3;64;15;-4;90;-1;10 
 H&E;H&E-MEMBRANOUS    GLOMERULUS  (3).TIF;50;27;-8;49;28;-8;48;30;-8 
 H&E;H&E-MEMBRANOUS    GLOMERULUS  (30).jpg;61;14;-8;60;16;-7;56;21;-9 
 H&E;H&E-MEMBRANOUS    GLOMERULUS  (31).jpg;74;28;4;72;31;4;95;-2;2 
 H&E;H&E-MEMBRANOUS    GLOMERULUS  (32).jpg;66;22;-3;64;28;-2;84;-1;-3 
 H&E;H&E-MEMBRANOUS    GLOMERULUS  (4).jpg;60;17;-8;58;18;-9;54;25;-10 
 H&E;H&E-MEMBRANOUS    GLOMERULUS  (4).TIF;46;32;-7;46;34;-6;45;35;-6 
 H&E;H&E-MEMBRANOUS    GLOMERULUS  (5).jpg;64;16;-5;62;15;-7;87;-1;-10 
 H&E;H&E-MEMBRANOUS    GLOMERULUS  (5).TIF;47;34;-6;46;36;-5;44;44;-3 
 H&E;H&E-MEMBRANOUS    GLOMERULUS  (6).jpg;65;17;-10;62;18;-12;53;25;-16 
 H&E;H&E-MEMBRANOUS    GLOMERULUS  (6).TIF;46;34;-6;46;35;-5;44;37;-4 
 H&E;H&E-MEMBRANOUS    GLOMERULUS  (7).jpg;62;20;-11;58;22;-11;52;32;-10 
 H&E;H&E-MEMBRANOUS    GLOMERULUS  (7).TIF;45;37;-5;44;40;-4;43;46;-2 
 H&E;H&E-MEMBRANOUS    GLOMERULUS  (8).jpg;55;18;-6;52;19;-7;45;2;-9 
 H&E;H&E-MEMBRANOUS    GLOMERULUS  (8).TIF;45;38;-5;45;41;-3;43;49;-1 
 H&E;H&E-MEMBRANOUS    GLOMERULUS  (9).jpg;69;20;-4;66;24;-5;60;-4;-10 
 H&E;H&E-MEMBRANOUS    GLOMERULUS  (9).TIF;56;40;-8;54;43;-6;51;48;-6 
 H&E;H&E-NORMAL  GLOMERULUS    (100).jpg;66;26;-1;65;27;-1;59;35;-1 
 H&E;H&E-NORMAL  GLOMERULUS    (101).jpg;68;21;1;67;22;1;90;2;-1 
 H&E;H&E-NORMAL  GLOMERULUS    (102).jpg;70;20;2;69;21;2;91;2;-1 
 H&E;H&E-NORMAL  GLOMERULUS    (103).jpg;68;23;-1;67;24;0;62;24;-2 
 H&E;H&E-NORMAL  GLOMERULUS    (104).jpg;71;18;1;71;18;1;92;2;-1 
 H&E;H&E-NORMAL  GLOMERULUS    (105).jpg;68;22;0;68;22;0;62;21;-2 
 H&E;H&E-NORMAL  GLOMERULUS    (106).jpg;58;29;-3;56;32;-2;53;38;-3 
 H&E;H&E-NORMAL  GLOMERULUS    (107).jpg;61;28;-2;59;31;-1;54;35;-2 
 H&E;H&E-NORMAL  GLOMERULUS    (108).jpg;62;26;-3;60;28;-3;54;32;-3 
 H&E;H&E-NORMAL  GLOMERULUS    (109).jpg;67;23;-1;65;25;-1;57;4;-3 
 H&E;H&E-NORMAL  GLOMERULUS    (110).jpg;71;18;-1;69;19;-2;92;2;16 
 H&E;H&E-NORMAL  GLOMERULUS    (111).jpg;58;22;-8;57;22;-8;52;32;-10 
 H&E;H&E-NORMAL  GLOMERULUS    (112).jpg;58;20;-10;57;21;-9;54;21;-9 
 H&E;H&E-NORMAL  GLOMERULUS    (113).jpg;62;16;-8;62;17;-8;59;18;-9 
 H&E;H&E-NORMAL  GLOMERULUS    (114).jpg;63;15;-9;63;16;-8;59;18;-9 
 H&E;H&E-NORMAL  GLOMERULUS    (115).jpg;65;16;-8;64;16;-8;60;21;-9 
 H&E;H&E-NORMAL  GLOMERULUS    (116).jpg;62;17;-9;62;17;-8;59;15;-9 
 H&E;H&E-NORMAL  GLOMERULUS    (117).jpg;60;19;-9;59;19;-8;57;18;-9 
 H&E;H&E-NORMAL  GLOMERULUS    (118).jpg;62;17;-7;61;17;-8;57;6;-9 
 H&E;H&E-NORMAL  GLOMERULUS    (234).jpg;67;36;-5;66;38;-4;62;52;-4 
 H&E;H&E-NORMAL  GLOMERULUS    (235).jpg;68;35;-5;67;35;-4;61;52;-4 
 H&E;H&E-NORMAL  GLOMERULUS    (236).jpg;67;48;-5;66;53;-3;64;61;-3 
 H&E;H&E-NORMAL  GLOMERULUS    (237).jpg;59;29;-8;58;31;-6;54;38;-5 
 H&E;H&E-NORMAL  GLOMERULUS    (238).jpg;68;38;-6;68;39;-4;63;37;-4 
 H&E;H&E-NORMAL  GLOMERULUS    (239).jpg;67;42;-5;65;45;-3;61;49;-4 
 H&E;H&E-NORMAL  GLOMERULUS    (240).jpg;64;40;-4;62;42;-3;57;46;-4 
 H&E;H&E-NORMAL  GLOMERULUS    (241).jpg;63;42;-3;61;44;-2;58;58;-2 
 H&E;H&E-NORMAL  GLOMERULUS    (242).jpg;65;35;-5;65;38;-3;65;43;-3 
 H&E;H&E-NORMAL  GLOMERULUS    (243).jpg;69;31;-3;68;33;-2;63;12;-3 
 H&E;H&E-NORMAL  GLOMERULUS    (244).jpg;69;37;-4;69;38;-2;69;38;-2 
 H&E;H&E-NORMAL  GLOMERULUS    (245).jpg;67;51;-4;65;56;-3;61;68;-3 
 H&E;H&E-NORMAL  GLOMERULUS    (246).jpg;67;40;-4;66;42;-2;65;50;-4 
 H&E;H&E-NORMAL  GLOMERULUS    (247).jpg;68;35;-4;67;37;-3;65;46;-4 
 H&E;H&E-NORMAL  GLOMERULUS    (248).jpg;61;22;-6;62;22;-4;82;9;4 
 H&E;H&E-NORMAL  GLOMERULUS    (249).jpg;66;38;-8;64;41;-6;62;52;-6 
 H&E;H&E-NORMAL  GLOMERULUS    (250).jpg;69;30;-8;67;33;-7;97;6;-8 
 H&E;H&E-NORMAL  GLOMERULUS    (251).jpg;61;25;-9;59;26;-8;57;25;-8 
 H&E;H&E-NORMAL  GLOMERULUS    (252).jpg;63;24;-16;58;26;-15;99;-2;-17 
 H&E;H&E-NORMAL  GLOMERULUS    (253).jpg;59;63;0;55;72;1;52;89;1 
 H&E;H&E-NORMAL  GLOMERULUS    (254).jpg;57;36;-6;54;41;-4;49;53;-3 
 H&E;H&E-NORMAL  GLOMERULUS    (255).jpg;47;40;-7;45;46;-6;43;53;-3 
 H&E;H&E-NORMAL  GLOMERULUS    (256).jpg;55;38;-12;54;41;-10;50;45;-11 
 H&E;H&E-NORMAL  GLOMERULUS    (257).jpg;68;28;-8;63;34;-6;100;-3;-3 
 H&E;H&E-NORMAL  GLOMERULUS    (258).jpg;56;37;-9;54;40;-8;49;53;-10 
 H&E;H&E-NORMAL  GLOMERULUS    (259).jpg;59;47;-2;58;50;-1;55;62;2 
 H&E;H&E-NORMAL  GLOMERULUS    (260).jpg;48;40;0;46;46;2;43;51;3 
 H&E;H&E-NORMAL  GLOMERULUS    (261).jpg;52;35;-3;51;39;-2;46;47;-2 
 H&E;H&E-NORMAL  GLOMERULUS    (262).jpg;67;30;-13;63;35;-12;58;-3;-11 
 H&E;H&E-NORMAL  GLOMERULUS    (263).jpg;48;41;-5;45;43;-3;43;46;2 
 H&E;H&E-NORMAL  GLOMERULUS    (264).jpg;57;30;-11;52;31;-10;93;8;0 
 H&E;H&E-NORMAL  GLOMERULUS    (265).jpg;54;33;-4;51;36;-3;84;12;3 
 H&E;H&E-NORMAL  GLOMERULUS    (266).jpg;62;33;-8;60;35;-6;91;12;2 
 H&E;H&E-NORMAL  GLOMERULUS    (267).jpg;61;52;-7;62;55;-4;59;68;-4 
 H&E;H&E-NORMAL  GLOMERULUS    (268).jpg;54;55;-12;54;61;-9;53;80;-4 
 H&E;H&E-NORMAL  GLOMERULUS    (269).jpg;47;52;0;46;54;3;43;62;3 
 H&E;H&E-NORMAL  GLOMERULUS    (270).jpg;53;49;-1;51;50;1;47;21;5 
 H&E;H&E-NORMAL  GLOMERULUS    (271).jpg;47;32;-9;49;37;-8;49;42;-10 
 H&E;H&E-NORMAL  GLOMERULUS    (272).jpg;44;41;0;43;46;1;39;9;3 
 H&E;H&E-NORMAL  GLOMERULUS    (273).jpg;60;80;3;59;87;4;57;104;4 
 H&E;H&E-NORMAL  GLOMERULUS    (274).jpg;61;77;3;59;84;3;56;24;3 
 H&E;H&E-NORMAL  GLOMERULUS    (275).jpg;43;26;-3;44;29;-1;44;36;-1 
 H&E;H&E-NORMAL  GLOMERULUS    (276).jpg;48;22;-3;47;25;-1;43;31;-1 
 H&E;H&E-NORMAL  GLOMERULUS    (277).jpg;49;18;-5;48;21;-3;43;24;-1 
 H&E;H&E-NORMAL  GLOMERULUS    (278).jpg;58;25;-2;56;28;-1;51;36;-2 
 H&E;H&E-NORMAL  GLOMERULUS    (279).jpg;41;54;-8;41;59;-6;39;65;-3 
 H&E;H&E-NORMAL  GLOMERULUS    (280).jpg;42;51;-8;42;55;-7;40;62;-6 
 H&E;H&E-NORMAL  GLOMERULUS    (69).jpg;63;37;-3;62;40;-2;59;43;-3 
 H&E;H&E-NORMAL  GLOMERULUS    (70).jpg;65;33;-4;63;37;-3;60;42;-3 
 H&E;H&E-NORMAL  GLOMERULUS    (71).jpg;58;34;-3;57;36;-2;56;38;-2 
 H&E;H&E-NORMAL  GLOMERULUS    (72).jpg;56;35;-3;56;38;-2;55;38;-2 
 H&E;H&E-NORMAL  GLOMERULUS    (73).jpg;58;33;-2;57;36;-1;56;38;-2 
 H&E;H&E-NORMAL  GLOMERULUS    (74).jpg;57;36;-2;56;39;-1;55;44;1 
 H&E;H&E-NORMAL  GLOMERULUS    (75).jpg;56;37;-1;55;40;0;54;44;1 
 H&E;H&E-NORMAL  GLOMERULUS    (76).jpg;59;32;-2;58;35;-1;56;38;1 
 H&E;H&E-NORMAL  GLOMERULUS    (77).jpg;59;31;-2;59;33;-1;56;35;-2 
 H&E;H&E-NORMAL  GLOMERULUS    (78).jpg;59;38;-1;57;40;0;56;47;2 
 H&E;H&E-NORMAL  GLOMERULUS    (79).jpg;58;40;-2;57;43;0;56;48;2 
 H&E;H&E-NORMAL  GLOMERULUS    (80).jpg;62;30;-3;60;33;-2;57;39;-3 
 H&E;H&E-NORMAL  GLOMERULUS    (81).jpg;62;31;-3;61;33;-2;59;36;-2 
 H&E;H&E-NORMAL  GLOMERULUS    (82).jpg;61;32;-4;60;35;-3;57;39;-3 
 H&E;H&E-NORMAL  GLOMERULUS    (83).jpg;58;39;-3;56;42;-2;56;48;-3 
 H&E;H&E-NORMAL  GLOMERULUS    (84).jpg;60;37;-3;59;40;-2;58;42;-3 
 H&E;H&E-NORMAL  GLOMERULUS    (85).jpg;60;35;-4;58;38;-3;56;42;-3 
 H&E;H&E-NORMAL  GLOMERULUS    (86).jpg;60;35;-4;58;38;-3;56;42;-3 
 H&E;H&E-NORMAL  GLOMERULUS    (87).jpg;61;34;-4;59;37;-3;57;42;-3 
 H&E;H&E-NORMAL  GLOMERULUS    (88).jpg;59;36;-4;58;38;-3;57;42;-3 
 H&E;H&E-NORMAL  GLOMERULUS    (89).jpg;59;37;-4;58;39;-3;56;42;-3 
 H&E;H&E-NORMAL  GLOMERULUS    (90).jpg;68;32;-7;68;34;-6;66;38;-6 
 H&E;H&E-NORMAL  GLOMERULUS    (91).jpg;68;29;-7;67;32;-6;63;35;-6 
 H&E;H&E-NORMAL  GLOMERULUS    (92).jpg;61;35;-5;60;38;-4;59;42;-3 
 H&E;H&E-NORMAL  GLOMERULUS    (93).jpg;63;35;-4;62;37;-3;62;40;-3 
 H&E;H&E-NORMAL  GLOMERULUS    (94).jpg;63;32;-5;61;35;-4;59;40;-3 
 H&E;H&E-NORMAL  GLOMERULUS    (95).jpg;63;32;-5;61;35;-4;59;40;-3 
 H&E;H&E-NORMAL  GLOMERULUS    (96).jpg;62;34;-6;61;37;-4;59;40;-3 
 H&E;H&E-NORMAL  GLOMERULUS    (97).jpg;64;31;-5;62;34;-4;62;36;-3 
 H&E;H&E-NORMAL  GLOMERULUS    (98).jpg;62;34;-6;61;36;-5;60;40;-3 
 H&E;H&E-NORMAL  GLOMERULUS    (99).jpg;62;35;-6;61;36;-4;59;40;-3 
 H&E;NORMAL  GLOMERULUS  -  AZAN  (1).jpg;56;21;-17;53;21;-15;48;12;-10 
 H&E;NORMAL  GLOMERULUS  -  AZAN  (2).jpg;53;25;-16;49;27;-14;44;32;-12 
 H&E;NORMAL  GLOMERULUS  -  AZAN  (3).jpg;56;23;-16;52;25;-15;46;31;-16 
 PAMS;PAMS-GLOMERULAR  SCLEROSIS  GLOMERULUS  (1).jpg;71;13;14;83;17;18;85;18;19 
 PAMS;PAMS-GLOMERULAR  SCLEROSIS  GLOMERULUS  (10).jpg;47;-2;-7;41;-1;-6;100;0;0 
 PAMS;PAMS-GLOMERULAR  SCLEROSIS  GLOMERULUS  (11).jpg;48;-2;-6;42;-1;-5;100;0;0 
 PAMS;PAMS-GLOMERULAR  SCLEROSIS  GLOMERULUS  (12).jpg;63;-1;-7;68;0;-6;100;0;0 
 PAMS;PAMS-GLOMERULAR  SCLEROSIS  GLOMERULUS  (13).jpg;54;1;-10;44;1;-9;100;0;0 
 PAMS;PAMS-GLOMERULAR  SCLEROSIS  GLOMERULUS  (14).jpg;57;0;-9;51;0;-8;100;0;0 
 PAMS;PAMS-GLOMERULAR  SCLEROSIS  GLOMERULUS  (15).jpg;51;-2;-9;44;-1;-8;99;0;-8 
 PAMS;PAMS-GLOMERULAR  SCLEROSIS  GLOMERULUS  (16).jpg;64;-1;-4;78;0;-1;100;0;0 
 PAMS;PAMS-GLOMERULAR  SCLEROSIS  GLOMERULUS  (17).jpg;59;-2;-4;69;0;-3;100;0;0 
 PAMS;PAMS-GLOMERULAR  SCLEROSIS  GLOMERULUS  (18).jpg;63;0;3;75;0;6;88;0;10 
 PAMS;PAMS-GLOMERULAR  SCLEROSIS  GLOMERULUS  (19).jpg;48;0;-1;57;0;-1;8;0;4 
 PAMS;PAMS-GLOMERULAR  SCLEROSIS  GLOMERULUS  (2).jpg;77;14;13;89;16;16;92;17;16 
 PAMS;PAMS-GLOMERULAR  SCLEROSIS  GLOMERULUS  (20).jpg;50;0;-1;59;0;0;81;0;2 
 PAMS;PAMS-GLOMERULAR  SCLEROSIS  GLOMERULUS  (21).jpg;63;-1;-6;73;-1;-5;100;0;0 
 PAMS;PAMS-GLOMERULAR  SCLEROSIS  GLOMERULUS  (22).jpg;60;-2;-2;76;-1;0;87;-3;2 
 PAMS;PAMS-GLOMERULAR  SCLEROSIS  GLOMERULUS  (23).jpg;61;-2;-2;76;-1;-1;85;-1;2 
 PAMS;PAMS-GLOMERULAR  SCLEROSIS  GLOMERULUS  (24).jpg;44;0;-2;42;0;-2;9;0;-4 
 PAMS;PAMS-GLOMERULAR  SCLEROSIS  GLOMERULUS  (25).jpg;61;-2;-3;70;-1;-2;97;0;2 
 PAMS;PAMS-GLOMERULAR  SCLEROSIS  GLOMERULUS  (26).jpg;58;3;9;75;5;14;90;6;17 
 PAMS;PAMS-GLOMERULAR  SCLEROSIS  GLOMERULUS  (27).jpg;69;1;-4;87;0;0;100;0;0 
 PAMS;PAMS-GLOMERULAR  SCLEROSIS  GLOMERULUS  (28).jpg;65;1;-3;81;0;-1;100;0;0 
 PAMS;PAMS-GLOMERULAR  SCLEROSIS  GLOMERULUS  (29).jpg;65;1;-3;83;0;0;100;0;0 
 PAMS;PAMS-GLOMERULAR  SCLEROSIS  GLOMERULUS  (3).jpg;67;12;11;80;15;15;86;18;19 
 PAMS;PAMS-GLOMERULAR  SCLEROSIS  GLOMERULUS  (30).jpg;65;1;-3;87;0;0;100;0;0 
 PAMS;PAMS-GLOMERULAR  SCLEROSIS  GLOMERULUS  (31).jpg;55;1;-2;65;0;-1;100;0;0 
 PAMS;PAMS-GLOMERULAR  SCLEROSIS  GLOMERULUS  (32).jpg;52;2;-2;57;1;-2;100;0;-2 
 PAMS;PAMS-GLOMERULAR  SCLEROSIS  GLOMERULUS  (33).jpg;51;4;2;62;5;3;76;8;9 
 PAMS;PAMS-GLOMERULAR  SCLEROSIS  GLOMERULUS  (34).jpg;46;3;2;49;4;2;82;0;-2 
 PAMS;PAMS-GLOMERULAR  SCLEROSIS  GLOMERULUS  (35).jpg;48;4;2;56;4;3;4;0;-2 
 PAMS;PAMS-GLOMERULAR  SCLEROSIS  GLOMERULUS  (36).jpg;55;2;-1;61;2;-1;92;0;-5 
 PAMS;PAMS-GLOMERULAR  SCLEROSIS  GLOMERULUS  (37).jpg;64;2;2;80;2;4;93;2;10 
 PAMS;PAMS-GLOMERULAR  SCLEROSIS  GLOMERULUS  (38).jpg;57;1;-1;68;1;-1;99;0;-2 
 PAMS;PAMS-GLOMERULAR  SCLEROSIS  GLOMERULUS  (39).jpg;50;4;0;57;4;0;82;0;-2 
 PAMS;PAMS-GLOMERULAR  SCLEROSIS  GLOMERULUS  (4).jpg;66;12;11;81;15;16;86;18;19 
 PAMS;PAMS-GLOMERULAR  SCLEROSIS  GLOMERULUS  (40).jpg;67;1;-2;80;0;0;100;0;0 
 PAMS;PAMS-GLOMERULAR  SCLEROSIS  GLOMERULUS  (41).jpg;73;1;-1;91;0;0;100;0;0 
 PAMS;PAMS-GLOMERULAR  SCLEROSIS  GLOMERULUS  (42).jpg;59;2;1;74;2;3;90;3;9 
 PAMS;PAMS-GLOMERULAR  SCLEROSIS  GLOMERULUS  (43).jpg;63;1;1;81;2;3;91;2;9 
 PAMS;PAMS-GLOMERULAR  SCLEROSIS  GLOMERULUS  (44).jpg;57;4;-2;63;4;-2;93;3;9 
 PAMS;PAMS-GLOMERULAR  SCLEROSIS  GLOMERULUS  (45).jpg;66;5;1;80;5;3;97;6;8 
 PAMS;PAMS-GLOMERULAR  SCLEROSIS  GLOMERULUS  (46).jpg;71;1;-1;87;1;1;97;0;4 
 PAMS;PAMS-GLOMERULAR  SCLEROSIS  GLOMERULUS  (47).jpg;64;2;2;85;3;4;89;3;9 
 PAMS;PAMS-GLOMERULAR  SCLEROSIS  GLOMERULUS  (48).jpg;63;2;2;83;3;4;88;3;9 
 PAMS;PAMS-GLOMERULAR  SCLEROSIS  GLOMERULUS  (49).jpg;65;2;2;84;3;4;89;3;9 
 PAMS;PAMS-GLOMERULAR  SCLEROSIS  GLOMERULUS  (5).jpg;64;12;11;81;15;16;86;18;19 
 PAMS;PAMS-GLOMERULAR  SCLEROSIS  GLOMERULUS  (50).jpg;77;2;0;91;2;4;96;0;9 
 PAMS;PAMS-GLOMERULAR  SCLEROSIS  GLOMERULUS  (51).jpg;73;5;0;90;6;3;96;8;9 
 PAMS;PAMS-GLOMERULAR  SCLEROSIS  GLOMERULUS  (52).jpg;71;4;2;91;5;6;96;6;8 
 PAMS;PAMS-GLOMERULAR  SCLEROSIS  GLOMERULUS  (53).jpg;72;5;2;92;4;6;99;2;9 
 PAMS;PAMS-GLOMERULAR  SCLEROSIS  GLOMERULUS  (54).jpg;72;9;6;85;10;9;91;9;14 
 PAMS;PAMS-GLOMERULAR  SCLEROSIS  GLOMERULUS  (55).jpg;68;8;5;84;9;8;93;9;14 
 PAMS;PAMS-GLOMERULAR  SCLEROSIS  GLOMERULUS  (56).jpg;58;8;4;75;10;6;89;12;8 
 PAMS;PAMS-GLOMERULAR  SCLEROSIS  GLOMERULUS  (57).jpg;61;9;5;81;10;7;89;12;8 
 PAMS;PAMS-GLOMERULAR  SCLEROSIS  GLOMERULUS  (58).jpg;53;10;3;54;11;2;90;11;-1 
 PAMS;PAMS-GLOMERULAR  SCLEROSIS  GLOMERULUS  (59).jpg;60;10;3;73;11;5;88;12;8 
 PAMS;PAMS-GLOMERULAR  SCLEROSIS  GLOMERULUS  (6).jpg;45;18;13;43;18;10;82;30;1 
 PAMS;PAMS-GLOMERULAR  SCLEROSIS  GLOMERULUS  (60).jpg;51;9;1;54;9;1;65;11;-2 
 PAMS;PAMS-GLOMERULAR  SCLEROSIS  GLOMERULUS  (61).jpg;62;7;3;74;7;5;96;6;8 
 PAMS;PAMS-GLOMERULAR  SCLEROSIS  GLOMERULUS  (62).jpg;76;9;5;88;9;8;95;9;14 
 PAMS;PAMS-GLOMERULAR  SCLEROSIS  GLOMERULUS  (63).jpg;78;10;5;90;9;8;95;9;12 
 PAMS;PAMS-GLOMERULAR  SCLEROSIS  GLOMERULUS  (64).jpg;61;9;5;71;10;7;87;11;8 
 PAMS;PAMS-GLOMERULAR  SCLEROSIS  GLOMERULUS  (65).jpg;66;9;6;77;11;8;87;12;8 
 PAMS;PAMS-GLOMERULAR  SCLEROSIS  GLOMERULUS  (66).jpg;59;10;4;68;11;6;86;12;9 
 PAMS;PAMS-GLOMERULAR  SCLEROSIS  GLOMERULUS  (67).jpg;48;6;6;53;7;8;4;0;-1 
 PAMS;PAMS-GLOMERULAR  SCLEROSIS  GLOMERULUS  (68).jpg;52;7;6;64;8;8;4;0;13 
 PAMS;PAMS-GLOMERULAR  SCLEROSIS  GLOMERULUS  (69).jpg;54;8;7;70;11;9;4;0;13 
 PAMS;PAMS-GLOMERULAR  SCLEROSIS  GLOMERULUS  (7).jpg;62;10;7;75;11;9;99;11;13 
 PAMS;PAMS-GLOMERULAR  SCLEROSIS  GLOMERULUS  (70).jpg;51;7;6;62;8;7;4;0;13 
 PAMS;PAMS-GLOMERULAR  SCLEROSIS  GLOMERULUS  (71).jpg;52;7;6;64;8;8;81;0;13 
 PAMS;PAMS-GLOMERULAR  SCLEROSIS  GLOMERULUS  (72).jpg;56;11;5;62;12;6;88;12;13 
 PAMS;PAMS-GLOMERULAR  SCLEROSIS  GLOMERULUS  (73).jpg;55;11;5;61;12;6;88;15;13 
 PAMS;PAMS-GLOMERULAR  SCLEROSIS  GLOMERULUS  (74).jpg;50;10;4;54;11;4;6;15;-4 
 PAMS;PAMS-GLOMERULAR  SCLEROSIS  GLOMERULUS  (75).jpg;49;10;4;54;12;4;4;0;-2 
 PAMS;PAMS-GLOMERULAR  SCLEROSIS  GLOMERULUS  (76).jpg;67;16;9;72;17;11;81;17;13 
 PAMS;PAMS-GLOMERULAR  SCLEROSIS  GLOMERULUS  (77).jpg;70;16;10;78;17;13;83;17;13 
 PAMS;PAMS-GLOMERULAR  SCLEROSIS  GLOMERULUS  (78).jpg;58;8;7;76;10;10;88;0;13 
 PAMS;PAMS-GLOMERULAR  SCLEROSIS  GLOMERULUS  (79).jpg;65;14;7;71;14;9;89;12;13 
 PAMS;PAMS-GLOMERULAR  SCLEROSIS  GLOMERULUS  (8).jpg;59;-1;-7;69;0;-4;100;0;0 
 PAMS;PAMS-GLOMERULAR  SCLEROSIS  GLOMERULUS  (80).jpg;49;9;4;52;10;3;6;0;-2 
 PAMS;PAMS-GLOMERULAR  SCLEROSIS  GLOMERULUS  (81).jpg;64;12;8;78;15;12;83;17;13 
 PAMS;PAMS-GLOMERULAR  SCLEROSIS  GLOMERULUS  (82).jpg;67;10;6;81;11;9;95;12;13 
 PAMS;PAMS-GLOMERULAR  SCLEROSIS  GLOMERULUS  (83).jpg;59;10;4;69;11;6;92;12;13 
 PAMS;PAMS-GLOMERULAR  SCLEROSIS  GLOMERULUS  (84).jpg;54;10;8;67;12;11;83;14;13 
 PAMS;PAMS-GLOMERULAR  SCLEROSIS  GLOMERULUS  (85).jpg;56;10;7;69;12;11;83;14;13 
 PAMS;PAMS-GLOMERULAR  SCLEROSIS  GLOMERULUS  (86).jpg;51;9;8;62;11;10;4;14;13 
 PAMS;PAMS-GLOMERULAR  SCLEROSIS  GLOMERULUS  (87).jpg;57;10;7;62;11;7;91;12;21 
 PAMS;PAMS-GLOMERULAR  SCLEROSIS  GLOMERULUS  (88).jpg;67;12;10;81;14;14;88;17;21 
 PAMS;PAMS-GLOMERULAR  SCLEROSIS  GLOMERULUS  (89).jpg;64;13;10;75;15;13;86;18;19 
 PAMS;PAMS-GLOMERULAR  SCLEROSIS  GLOMERULUS  (9).jpg;55;7;1;59;8;2;87;9;7 
 PAMS;PAMS-GLOMERULAR  SCLEROSIS  GLOMERULUS  (90).jpg;52;9;6;60;11;8;86;17;16 
 PAMS;PAMS-GLOMERULAR  SCLEROSIS  GLOMERULUS  (91).jpg;32;5;5;19;2;0;3;0;-1 
 PAMS;PAMS-GLOMERULAR  SCLEROSIS  GLOMERULUS  (92).jpg;35;6;5;29;5;1;3;0;-1 
 PAMS;PAMS-GLOMERULAR  SCLEROSIS  GLOMERULUS  (93).jpg;72;11;12;88;13;16;92;17;21 
 PAMS;PAMS-MEMBRANOUS  (1).jpg;57;0;-2;64;0;0;71;-1;2 
 PAMS;PAMS-MEMBRANOUS  (2).jpg;70;2;5;75;2;7;82;0;9 
 PAMS;PAMS-MEMBRANOUS  (23).jpg;59;-5;-3;68;-4;-3;98;0;7 
 PAMS;PAMS-MEMBRANOUS  (24).jpg;56;-6;-2;59;-5;-4;96;0;7 
 PAMS;PAMS-MEMBRANOUS  (25).jpg;59;-2;-3;72;-3;0;81;-5;5 
 PAMS;PAMS-MEMBRANOUS  (26).jpg;61;-3;-3;75;-3;1;83;-5;5 
 PAMS;PAMS-MEMBRANOUS  (27).jpg;65;-3;-3;78;-3;1;82;-5;5 
 PAMS;PAMS-MEMBRANOUS  (28).jpg;50;-2;-3;66;-1;-1;74;-3;-1 
 PAMS;PAMS-MEMBRANOUS  (29).jpg;54;-1;-3;68;-1;-1;75;-3;-1 
 PAMS;PAMS-MEMBRANOUS  (3).jpg;62;0;-1;67;-1;1;71;-1;2 
 PAMS;PAMS-MEMBRANOUS  (30).jpg;53;-2;-3;68;-1;-1;73;-1;-1 
 PAMS;PAMS-MEMBRANOUS  (31).jpg;69;-1;6;84;-1;11;91;-4;17 
 PAMS;PAMS-MEMBRANOUS  (32).jpg;62;3;5;77;3;9;83;3;9 
 PAMS;PAMS-MEMBRANOUS  (33).jpg;57;-2;2;71;-2;5;89;0;9 
 PAMS;PAMS-MEMBRANOUS  (34).jpg;55;-1;2;70;0;5;86;0;11 
 PAMS;PAMS-MEMBRANOUS  (35).jpg;61;0;3;75;0;6;86;0;10 
 PAMS;PAMS-MEMBRANOUS  (36).jpg;58;0;3;74;0;6;84;0;10 
 PAMS;PAMS-MEMBRANOUS  (4).jpg;62;-3;-1;73;-4;2;87;-6;8 
 PAMS;PAMS-MEMBRANOUS  (5).jpg;74;-2;7;82;-2;10;95;0;17 
 PAMS;PAMS-MEMBRANOUS  (6).jpg;60;-2;-2;73;-3;0;81;-5;5 
 PAMS;PAMS-MEMBRANOUS  (7).jpg;61;0;3;73;0;7;85;0;10 
 PAMS;PAMS-NORMAL  GLOMERULUS  (1).jpg;68;6;0;84;8;2;94;9;4 
 PAMS;PAMS-NORMAL  GLOMERULUS  (1).TIF;70;8;-1;76;8;0;79;9;0 
 PAMS;PAMS-NORMAL  GLOMERULUS  (10).jpg;68;9;5;76;8;6;78;8;6 
 PAMS;PAMS-NORMAL  GLOMERULUS  (11).jpg;73;2;7;81;3;10;82;3;10 
 PAMS;PAMS-NORMAL  GLOMERULUS  (12).jpg;72;3;6;81;3;10;84;3;10 
 PAMS;PAMS-NORMAL  GLOMERULUS  (13).jpg;72;3;6;81;3;10;83;3;10 
 PAMS;PAMS-NORMAL  GLOMERULUS  (14).jpg;71;13;11;84;15;15;92;18;16 
 PAMS;PAMS-NORMAL  GLOMERULUS  (15).jpg;57;9;8;73;11;13;89;17;16 
 PAMS;PAMS-NORMAL  GLOMERULUS  (16).jpg;71;14;12;80;17;16;84;17;16 
 PAMS;PAMS-NORMAL  GLOMERULUS  (17).jpg;66;13;10;78;15;15;83;17;16 
 PAMS;PAMS-NORMAL  GLOMERULUS  (18).jpg;59;9;9;74;12;15;79;14;15 
 PAMS;PAMS-NORMAL  GLOMERULUS  (19).jpg;71;11;9;84;14;13;85;14;13 
 PAMS;PAMS-NORMAL  GLOMERULUS  (2).jpg;63;9;4;72;8;5;77;8;6 
 PAMS;PAMS-NORMAL  GLOMERULUS  (20).jpg;57;5;4;75;6;10;81;11;13 
 PAMS;PAMS-NORMAL  GLOMERULUS  (21).jpg;73;11;9;85;14;13;86;14;13 
 PAMS;PAMS-NORMAL  GLOMERULUS  (22).jpg;67;10;5;79;11;8;92;12;13 
 PAMS;PAMS-NORMAL  GLOMERULUS  (23).jpg;76;14;9;84;15;11;90;14;13 
 PAMS;PAMS-NORMAL  GLOMERULUS  (24).jpg;61;9;9;80;10;12;94;12;13 
 PAMS;PAMS-NORMAL  GLOMERULUS  (25).jpg;67;10;4;75;12;7;86;12;11 
 PAMS;PAMS-NORMAL  GLOMERULUS  (26).jpg;58;9;5;72;12;9;83;12;13 
 PAMS;PAMS-NORMAL  GLOMERULUS  (27).jpg;49;8;1;47;9;1;90;11;-2 
 PAMS;PAMS-NORMAL  GLOMERULUS  (28).jpg;51;7;1;55;8;1;91;11;-2 
 PAMS;PAMS-NORMAL  GLOMERULUS  (29).jpg;71;6;0;86;5;2;100;0;0 
 PAMS;PAMS-NORMAL  GLOMERULUS  (3).jpg;64;9;4;72;8;6;78;8;6 
 PAMS;PAMS-NORMAL  GLOMERULUS  (30).jpg;70;11;6;83;12;9;88;12;11 
 PAMS;PAMS-NORMAL  GLOMERULUS  (31).jpg;70;7;4;84;6;7;99;2;8 
 PAMS;PAMS-NORMAL  GLOMERULUS  (32).jpg;72;9;6;88;9;9;92;9;14 
 PAMS;PAMS-NORMAL  GLOMERULUS  (33).jpg;59;6;3;77;8;7;81;8;8 
 PAMS;PAMS-NORMAL  GLOMERULUS  (34).jpg;68;-3;2;85;-4;5;98;-7;11 
 PAMS;PAMS-NORMAL  GLOMERULUS  (35).jpg;67;-3;-6;83;-2;-4;100;0;0 
 PAMS;PAMS-NORMAL  GLOMERULUS  (4).jpg;63;9;4;71;9;5;77;8;6 
 PAMS;PAMS-NORMAL  GLOMERULUS  (5).jpg;63;9;4;71;8;5;78;8;6 
 PAMS;PAMS-NORMAL  GLOMERULUS  (6).jpg;62;9;4;71;8;5;77;8;6 
 PAMS;PAMS-NORMAL  GLOMERULUS  (7).jpg;63;11;6;69;11;7;75;11;8 
 PAMS;PAMS-NORMAL  GLOMERULUS  (8).jpg;70;8;5;77;8;6;78;8;6 
 PAMS;PAMS-NORMAL  GLOMERULUS  (9).jpg;69;8;5;77;8;6;80;8;6 
 PAS;PAS-GLOMERULAR  SCLEROSIS  GLOMERULUS  (1).jpg;63;40;7;65;39;6;81;31;30 
 PAS;PAS-GLOMERULAR  SCLEROSIS  GLOMERULUS  (10).jpg;45;16;-14;46;17;-14;44;12;-15 
 PAS;PAS-GLOMERULAR  SCLEROSIS  GLOMERULUS  (11).jpg;46;15;-14;47;15;-14;53;9;-14 
 PAS;PAS-GLOMERULAR  SCLEROSIS  GLOMERULUS  (12).jpg;46;16;-14;46;17;-14;42;9;-15 
 PAS;PAS-GLOMERULAR  SCLEROSIS  GLOMERULUS  (13).jpg;47;15;-14;47;15;-14;53;11;-15 
 PAS;PAS-GLOMERULAR  SCLEROSIS  GLOMERULUS  (14).jpg;49;14;-13;50;14;-13;55;9;-14 
 PAS;PAS-GLOMERULAR  SCLEROSIS  GLOMERULUS  (141).jpg;50;19;-9;49;19;-10;52;9;-9 
 PAS;PAS-GLOMERULAR  SCLEROSIS  GLOMERULUS  (142).jpg;57;19;-15;56;18;-16;60;18;-16 
 PAS;PAS-GLOMERULAR  SCLEROSIS  GLOMERULUS  (143).jpg;55;17;-8;56;16;-8;56;9;-15 
 PAS;PAS-GLOMERULAR  SCLEROSIS  GLOMERULUS  (144).jpg;61;20;-14;60;20;-15;60;15;-16 
 PAS;PAS-GLOMERULAR  SCLEROSIS  GLOMERULUS  (145).jpg;60;17;-15;60;16;-15;63;9;-16 
 PAS;PAS-GLOMERULAR  SCLEROSIS  GLOMERULUS  (146).jpg;67;11;-14;67;11;-14;67;9;-14 
 PAS;PAS-GLOMERULAR  SCLEROSIS  GLOMERULUS  (147).jpg;65;13;-11;65;13;-11;66;12;-7 
 PAS;PAS-GLOMERULAR  SCLEROSIS  GLOMERULUS  (148).jpg;62;27;0;61;28;-1;54;18;-2 
 PAS;PAS-GLOMERULAR  SCLEROSIS  GLOMERULUS  (149).jpg;65;26;1;65;25;1;59;19;-2 
 PAS;PAS-GLOMERULAR  SCLEROSIS  GLOMERULUS  (15).jpg;48;16;-10;49;15;-11;68;6;8 
 PAS;PAS-GLOMERULAR  SCLEROSIS  GLOMERULUS  (150).jpg;63;28;0;62;28;-1;54;19;-2 
 PAS;PAS-GLOMERULAR  SCLEROSIS  GLOMERULUS  (151).jpg;64;26;1;65;25;1;66;19;-2 
 PAS;PAS-GLOMERULAR  SCLEROSIS  GLOMERULUS  (152).jpg;63;29;1;64;28;1;63;18;-2 
 PAS;PAS-GLOMERULAR  SCLEROSIS  GLOMERULUS  (153).jpg;63;30;1;63;29;1;66;18;-2 
 PAS;PAS-GLOMERULAR  SCLEROSIS  GLOMERULUS  (154).jpg;71;29;2;72;28;2;74;18;-3 
 PAS;PAS-GLOMERULAR  SCLEROSIS  GLOMERULUS  (155).jpg;68;27;-5;69;26;-5;70;21;-11 
 PAS;PAS-GLOMERULAR  SCLEROSIS  GLOMERULUS  (156).jpg;50;29;-9;49;32;-10;47;35;-10 
 PAS;PAS-GLOMERULAR  SCLEROSIS  GLOMERULUS  (157).jpg;52;27;-6;49;28;-9;82;18;-10 
 PAS;PAS-GLOMERULAR  SCLEROSIS  GLOMERULUS  (158).jpg;68;28;1;67;28;1;65;26;-2 
 PAS;PAS-GLOMERULAR  SCLEROSIS  GLOMERULUS  (159).jpg;69;27;2;69;27;3;69;26;5 
 PAS;PAS-GLOMERULAR  SCLEROSIS  GLOMERULUS  (16).jpg;65;20;-10;67;17;-9;78;13;3 
 PAS;PAS-GLOMERULAR  SCLEROSIS  GLOMERULUS  (160).jpg;69;28;1;69;28;0;66;21;-2 
 PAS;PAS-GLOMERULAR  SCLEROSIS  GLOMERULUS  (161).jpg;66;28;-3;66;29;-3;65;26;-2 
 PAS;PAS-GLOMERULAR  SCLEROSIS  GLOMERULUS  (162).jpg;66;28;-3;66;28;-3;65;28;-2 
 PAS;PAS-GLOMERULAR  SCLEROSIS  GLOMERULUS  (163).jpg;66;20;-5;68;20;-4;68;21;-1 
 PAS;PAS-GLOMERULAR  SCLEROSIS  GLOMERULUS  (164).jpg;77;22;2;76;22;1;92;18;16 
 PAS;PAS-GLOMERULAR  SCLEROSIS  GLOMERULUS  (165).jpg;69;26;2;70;26;3;70;26;5 
 PAS;PAS-GLOMERULAR  SCLEROSIS  GLOMERULUS  (166).jpg;70;23;3;70;22;4;85;19;14 
 PAS;PAS-GLOMERULAR  SCLEROSIS  GLOMERULUS  (167).jpg;72;24;2;72;22;2;89;18;16 
 PAS;PAS-GLOMERULAR  SCLEROSIS  GLOMERULUS  (168).jpg;57;19;-10;57;18;-11;54;11;-15 
 PAS;PAS-GLOMERULAR  SCLEROSIS  GLOMERULUS  (169).jpg;54;20;-11;54;20;-13;57;18;-15 
 PAS;PAS-GLOMERULAR  SCLEROSIS  GLOMERULUS  (17).jpg;57;23;-19;57;21;-20;56;6;-22 
 PAS;PAS-GLOMERULAR  SCLEROSIS  GLOMERULUS  (170).jpg;55;21;-11;54;22;-12;46;12;-15 
 PAS;PAS-GLOMERULAR  SCLEROSIS  GLOMERULUS  (171).jpg;58;19;-10;59;19;-10;59;15;-15 
 PAS;PAS-GLOMERULAR  SCLEROSIS  GLOMERULUS  (172).jpg;54;21;-11;54;21;-13;57;15;-16 
 PAS;PAS-GLOMERULAR  SCLEROSIS  GLOMERULUS  (173).jpg;59;18;-8;59;17;-10;81;3;-15 
 PAS;PAS-GLOMERULAR  SCLEROSIS  GLOMERULUS  (174).jpg;51;19;-11;51;19;-12;55;18;-15 
 PAS;PAS-GLOMERULAR  SCLEROSIS  GLOMERULUS  (175).jpg;52;19;-11;52;19;-11;54;18;-15 
 PAS;PAS-GLOMERULAR  SCLEROSIS  GLOMERULUS  (176).jpg;50;24;-11;50;25;-12;50;24;-12 
 PAS;PAS-GLOMERULAR  SCLEROSIS  GLOMERULUS  (177).jpg;52;23;-11;52;22;-11;52;18;-15 
 PAS;PAS-GLOMERULAR  SCLEROSIS  GLOMERULUS  (178).jpg;65;16;-14;66;16;-13;67;15;-14 
 PAS;PAS-GLOMERULAR  SCLEROSIS  GLOMERULUS  (179).jpg;64;18;-15;64;18;-14;65;18;-14 
 PAS;PAS-GLOMERULAR  SCLEROSIS  GLOMERULUS  (18).jpg;51;22;-7;49;22;-9;70;11;10 
 PAS;PAS-GLOMERULAR  SCLEROSIS  GLOMERULUS  (19).jpg;66;19;-12;67;18;-12;87;11;4 
 PAS;PAS-GLOMERULAR  SCLEROSIS  GLOMERULUS  (2).jpg;61;8;-12;62;6;-11;63;6;-10 
 PAS;PAS-GLOMERULAR  SCLEROSIS  GLOMERULUS  (20).jpg;59;19;-12;59;18;-12;60;12;-9 
 PAS;PAS-GLOMERULAR  SCLEROSIS  GLOMERULUS  (21).jpg;49;19;-6;48;18;-7;47;12;-9 
 PAS;PAS-GLOMERULAR  SCLEROSIS  GLOMERULUS  (22).jpg;63;23;-21;60;24;-23;48;-3;-23 
 PAS;PAS-GLOMERULAR  SCLEROSIS  GLOMERULUS  (23).jpg;68;21;-24;66;21;-26;100;0;-31 
 PAS;PAS-GLOMERULAR  SCLEROSIS  GLOMERULUS  (24).jpg;60;17;-20;61;15;-20;64;9;-31 
 PAS;PAS-GLOMERULAR  SCLEROSIS  GLOMERULUS  (25).jpg;74;13;-15;73;12;-17;97;-3;-31 
 PAS;PAS-GLOMERULAR  SCLEROSIS  GLOMERULUS  (26).jpg;61;9;-17;59;9;-18;59;-1;-2 
 PAS;PAS-GLOMERULAR  SCLEROSIS  GLOMERULUS  (27).jpg;67;12;-22;67;10;-21;71;6;-21 
 PAS;PAS-GLOMERULAR  SCLEROSIS  GLOMERULUS  (28).jpg;69;11;-20;69;10;-20;71;6;-20 
 PAS;PAS-GLOMERULAR  SCLEROSIS  GLOMERULUS  (29).jpg;69;12;-21;70;11;-20;70;9;-18 
 PAS;PAS-GLOMERULAR  SCLEROSIS  GLOMERULUS  (3).jpg;62;47;0;62;46;-1;67;39;-4 
 PAS;PAS-GLOMERULAR  SCLEROSIS  GLOMERULUS  (30).jpg;66;13;-22;66;11;-23;70;6;-30 
 PAS;PAS-GLOMERULAR  SCLEROSIS  GLOMERULUS  (31).jpg;70;11;-21;71;9;-20;74;6;-20 
 PAS;PAS-GLOMERULAR  SCLEROSIS  GLOMERULUS  (32).jpg;64;14;-22;64;13;-25;59;-2;0 
 PAS;PAS-GLOMERULAR  SCLEROSIS  GLOMERULUS  (33).jpg;66;9;-21;66;7;-21;69;-2;-1 
 PAS;PAS-GLOMERULAR  SCLEROSIS  GLOMERULUS  (34).jpg;60;10;-17;60;9;-17;61;6;-13 
 PAS;PAS-GLOMERULAR  SCLEROSIS  GLOMERULUS  (35).jpg;52;13;-21;51;13;-22;44;15;-21 
 PAS;PAS-GLOMERULAR  SCLEROSIS  GLOMERULUS  (36).jpg;52;14;-21;51;13;-22;42;9;-21 
 PAS;PAS-GLOMERULAR  SCLEROSIS  GLOMERULUS  (37).jpg;65;11;-27;65;10;-28;68;6;-29 
 PAS;PAS-GLOMERULAR  SCLEROSIS  GLOMERULUS  (38).jpg;66;12;-31;66;10;-33;100;6;-36 
 PAS;PAS-GLOMERULAR  SCLEROSIS  GLOMERULUS  (39).jpg;56;14;-17;56;15;-18;57;19;-17 
 PAS;PAS-GLOMERULAR  SCLEROSIS  GLOMERULUS  (4).jpg;64;13;-13;65;12;-13;66;11;-14 
 PAS;PAS-GLOMERULAR  SCLEROSIS  GLOMERULUS  (40).jpg;55;13;-17;55;13;-18;56;9;-21 
 PAS;PAS-GLOMERULAR  SCLEROSIS  GLOMERULUS  (41).jpg;73;7;-8;74;6;-7;76;6;-5 
 PAS;PAS-GLOMERULAR  SCLEROSIS  GLOMERULUS  (42).jpg;76;12;-19;78;11;-19;100;0;-21 
 PAS;PAS-GLOMERULAR  SCLEROSIS  GLOMERULUS  (43).jpg;64;14;-15;63;13;-17;66;15;-21 
 PAS;PAS-GLOMERULAR  SCLEROSIS  GLOMERULUS  (44).jpg;61;14;-17;61;12;-18;61;9;-28 
 PAS;PAS-GLOMERULAR  SCLEROSIS  GLOMERULUS  (45).jpg;72;16;-13;73;15;-12;79;12;-7 
 PAS;PAS-GLOMERULAR  SCLEROSIS  GLOMERULUS  (46).jpg;74;13;-12;76;13;-11;79;11;-7 
 PAS;PAS-GLOMERULAR  SCLEROSIS  GLOMERULUS  (47).jpg;77;14;-10;78;13;-10;79;12;-7 
 PAS;PAS-GLOMERULAR  SCLEROSIS  GLOMERULUS  (48).jpg;84;13;-18;85;13;-18;100;0;0 
 PAS;PAS-GLOMERULAR  SCLEROSIS  GLOMERULUS  (49).jpg;73;15;-12;74;15;-12;73;13;-7 
 PAS;PAS-GLOMERULAR  SCLEROSIS  GLOMERULUS  (5).jpg;49;9;-16;47;9;-17;42;0;-20 
 PAS;PAS-GLOMERULAR  SCLEROSIS  GLOMERULUS  (50).jpg;73;15;-12;73;16;-12;76;15;-7 
 PAS;PAS-GLOMERULAR  SCLEROSIS  GLOMERULUS  (6).jpg;80;14;-26;82;13;-28;100;0;-31 
 PAS;PAS-GLOMERULAR  SCLEROSIS  GLOMERULUS  (7).jpg;62;13;-32;60;13;-33;54;6;-35 
 PAS;PAS-GLOMERULAR  SCLEROSIS  GLOMERULUS  (8).jpg;38;17;-9;38;18;-9;34;24;-8 
 PAS;PAS-GLOMERULAR  SCLEROSIS  GLOMERULUS  (9).jpg;43;14;-5;43;14;-6;57;2;9 
 PAS;PAS-NORMAL  GLOMERULUS  (1).jpg;44;21;1;46;20;0;48;18;0 
 PAS;PAS-NORMAL  GLOMERULUS  (1).TIF;63;17;-14;64;16;-14;78;9;0 
 PAS;PAS-NORMAL  GLOMERULUS  (100).jpg;68;10;-11;69;10;-10;70;9;-10 
 PAS;PAS-NORMAL  GLOMERULUS  (101).jpg;74;3;-15;75;3;-15;93;0;-11 
 PAS;PAS-NORMAL  GLOMERULUS  (102).jpg;76;5;-14;78;4;-13;80;1;-12 
 PAS;PAS-NORMAL  GLOMERULUS  (103).jpg;59;7;-9;60;7;-7;61;6;-5 
 PAS;PAS-NORMAL  GLOMERULUS  (104).jpg;63;9;-10;64;7;-10;66;6;-5 
 PAS;PAS-NORMAL  GLOMERULUS  (105).jpg;67;20;-23;67;19;-22;70;15;-23 
 PAS;PAS-NORMAL  GLOMERULUS  (106).jpg;63;20;-18;64;19;-16;67;17;-16 
 PAS;PAS-NORMAL  GLOMERULUS  (107).jpg;54;19;-10;55;19;-9;57;18;-9 
 PAS;PAS-NORMAL  GLOMERULUS  (108).jpg;53;19;-11;54;19;-9;55;15;-9 
 PAS;PAS-NORMAL  GLOMERULUS  (109).jpg;78;12;-24;82;10;-27;100;0;0 
 PAS;PAS-NORMAL  GLOMERULUS  (110).jpg;64;42;3;66;42;3;68;38;2 
 PAS;PAS-NORMAL  GLOMERULUS  (111).jpg;66;16;8;67;15;7;72;11;5 
 PAS;PAS-NORMAL  GLOMERULUS  (2).jpg;65;16;-7;64;17;-8;64;18;-9 
 PAS;PAS-NORMAL  GLOMERULUS  (2).TIF;69;17;-14;69;16;-15;68;8;-17 
 PAS;PAS-NORMAL  GLOMERULUS  (3).jpg;63;17;-8;63;18;-9;65;18;-8 
 PAS;PAS-NORMAL  GLOMERULUS  (3).TIF;67;18;-16;67;17;-16;66;17;-17 
 PAS;PAS-NORMAL  GLOMERULUS  (4).jpg;68;15;-5;68;16;-5;68;15;-4 
 PAS;PAS-NORMAL  GLOMERULUS  (4).TIF;72;15;-12;72;15;-12;86;7;-17 
 PAS;PAS-NORMAL  GLOMERULUS  (5).jpg;69;14;-4;69;15;-5;68;15;-4 
 PAS;PAS-NORMAL  GLOMERULUS  (5).TIF;66;18;-15;66;17;-16;85;9;-21 
 PAS;PAS-NORMAL  GLOMERULUS  (6).jpg;64;18;-8;64;17;-8;66;15;-9 
 PAS;PAS-NORMAL  GLOMERULUS  (62).jpg;70;20;-5;71;19;-4;72;18;-4 
 PAS;PAS-NORMAL  GLOMERULUS  (63).jpg;66;19;-11;67;17;-10;70;12;-16 
 PAS;PAS-NORMAL  GLOMERULUS  (64).jpg;68;19;-9;70;17;-8;74;12;1 
 PAS;PAS-NORMAL  GLOMERULUS  (65).jpg;71;22;-5;72;20;-5;90;17;-10 
 PAS;PAS-NORMAL  GLOMERULUS  (66).jpg;62;27;-7;64;27;-7;68;26;-10 
 PAS;PAS-NORMAL  GLOMERULUS  (67).jpg;62;27;-7;64;27;-7;65;25;-10 
 PAS;PAS-NORMAL  GLOMERULUS  (68).jpg;65;27;-6;66;26;-5;70;22;-1 
 PAS;PAS-NORMAL  GLOMERULUS  (69).jpg;64;30;-7;65;29;-7;69;24;-1 
 PAS;PAS-NORMAL  GLOMERULUS  (70).jpg;76;21;-1;78;20;0;80;17;-1 
 PAS;PAS-NORMAL  GLOMERULUS  (71).jpg;67;28;-6;69;27;-6;73;28;-1 
 PAS;PAS-NORMAL  GLOMERULUS  (72).jpg;63;22;-12;65;21;-12;69;18;-10 
 PAS;PAS-NORMAL  GLOMERULUS  (73).jpg;66;21;-10;67;20;-11;70;17;-10 
 PAS;PAS-NORMAL  GLOMERULUS  (74).jpg;68;22;-9;70;21;-8;80;18;-1 
 PAS;PAS-NORMAL  GLOMERULUS  (75).jpg;68;21;-8;71;19;-8;82;18;-1 
 PAS;PAS-NORMAL  GLOMERULUS  (76).jpg;62;27;-6;63;26;-7;66;17;-10 
 PAS;PAS-NORMAL  GLOMERULUS  (77).jpg;72;27;-8;75;26;-7;77;25;-4 
 PAS;PAS-NORMAL  GLOMERULUS  (78).jpg;67;19;-9;67;19;-9;72;18;-9 
 PAS;PAS-NORMAL  GLOMERULUS  (79).jpg;70;22;-5;71;21;-5;72;21;-1 
 PAS;PAS-NORMAL  GLOMERULUS  (80).jpg;74;24;-9;75;24;-9;79;22;-10 
 PAS;PAS-NORMAL  GLOMERULUS  (81).jpg;69;21;-8;70;21;-7;72;19;-10 
 PAS;PAS-NORMAL  GLOMERULUS  (82).jpg;70;21;-7;71;21;-7;72;19;-10 
 PAS;PAS-NORMAL  GLOMERULUS  (83).jpg;75;21;-10;76;21;-9;79;18;-10 
 PAS;PAS-NORMAL  GLOMERULUS  (84).jpg;70;22;-8;73;21;-6;77;18;-4 
 PAS;PAS-NORMAL  GLOMERULUS  (85).jpg;72;20;-7;75;18;-5;78;17;0 
 PAS;PAS-NORMAL  GLOMERULUS  (86).jpg;72;23;-8;75;22;-6;80;17;0 
 PAS;PAS-NORMAL  GLOMERULUS  (87).jpg;73;22;-11;72;22;-11;73;19;-10 
 PAS;PAS-NORMAL  GLOMERULUS  (88).jpg;70;22;-12;70;22;-12;71;19;-9 
 PAS;PAS-NORMAL  GLOMERULUS  (89).jpg;72;21;-10;72;22;-10;73;19;-9 
 PAS;PAS-NORMAL  GLOMERULUS  (90).jpg;73;21;-8;75;19;-7;77;18;-4 
 PAS;PAS-NORMAL  GLOMERULUS  (91).jpg;72;22;-9;74;21;-9;78;18;-4 
 PAS;PAS-NORMAL  GLOMERULUS  (92).jpg;71;18;-10;74;17;-9;75;15;-7 
 PAS;PAS-NORMAL  GLOMERULUS  (93).jpg;77;19;-7;78;18;-7;80;17;-4 
 PAS;PAS-NORMAL  GLOMERULUS  (94).jpg;67;17;-10;67;16;-9;70;12;-8 
 PAS;PAS-NORMAL  GLOMERULUS  (95).jpg;74;11;-10;75;11;-9;77;9;-7 
 PAS;PAS-NORMAL  GLOMERULUS  (96).jpg;72;8;-17;74;6;-16;88;0;-2 
 PAS;PAS-NORMAL  GLOMERULUS  (97).jpg;74;16;-14;76;15;-14;80;13;-7 
 PAS;PAS-NORMAL  GLOMERULUS  (98).jpg;63;11;-16;63;11;-17;83;3;3 
 PAS;PAS-NORMAL  GLOMERULUS  (99).jpg;80;13;-14;81;13;-15;100;0;-14 
